reference_id,source_track_id,source_license_path,work_title,creator,source_url,license_family,license_name,license_url,license_has_noncommercial,license_has_sharealike,license_has_noderivatives,publishable_academic
002,1138689,89/1138689.mp3,Elle avait pas les yeux noirs,Löhstana David,http://www.jamendo.com/track/1138689,CC BY-SA,a Creative Commons Attribution-Share-Alike license,http://creativecommons.org/licenses/by-sa/3.0/,False,True,False,True
003,780639,39/780639.mp3,When I look at you (2010),DANIEL H,http://www.jamendo.com/track/780639,CC BY-NC-SA,a Creative Commons Attribution-Non-Commercial-Share-Alike license,http://creativecommons.org/licenses/by-nc-sa/2.0/fr/,True,True,False,True
004,7257,57/7257.mp3,Nous te retrouverons,FrenchLAB (French Laboratory Of),http://www.jamendo.com/track/7257,CC BY-SA,a Creative Commons Attribution-Share-Alike license,http://creativecommons.org/licenses/by-sa/3.0/,False,True,False,True
005,1100002,02/1100002.mp3,TIC TAC,LES PÊCHEURS DE LUNE,http://www.jamendo.com/track/1100002,CC BY-NC-SA,a Creative Commons Attribution-Non-Commercial-Share-Alike license,http://creativecommons.org/licenses/by-nc-sa/3.0/,True,True,False,True
006,1341061,61/1341061.mp3,Tu sangre en la cruz - Alexis Peña,Alexis Peña,http://www.jamendo.com/track/1341061,CC BY-NC-SA,a Creative Commons Attribution-Non-Commercial-Share-Alike license,http://creativecommons.org/licenses/by-nc-sa/3.0/,True,True,False,True
007,357314,14/357314.mp3,Vuelve a Mi,ProyectoT,http://www.jamendo.com/track/357314,CC BY-SA,a Creative Commons Attribution-Share-Alike license,http://creativecommons.org/licenses/by-sa/3.0/,False,True,False,True
008,357385,85/357385.mp3,Todo Por Necio,ProyectoT,http://www.jamendo.com/track/357385,CC BY-SA,a Creative Commons Attribution-Share-Alike license,http://creativecommons.org/licenses/by-sa/3.0/,False,True,False,True
009,6730,30/6730.mp3,Man of Faith,Steven Dunston,http://www.jamendo.com/track/6730,CC BY-NC-SA,a Creative Commons Attribution-Non-Commercial-Share-Alike license,http://creativecommons.org/licenses/by-nc-sa/2.5/,True,True,False,True
010,181440,40/181440.mp3,Les heures,Löhstana David,http://www.jamendo.com/track/181440,CC BY,a Creative Commons Attribution license,http://creativecommons.org/licenses/by/3.0/,False,False,False,True
011,1119024,24/1119024.mp3,Lemon Pop,The Verandas,http://www.jamendo.com/track/1119024,CC BY-NC-SA,a Creative Commons Attribution-Non-Commercial-Share-Alike license,http://creativecommons.org/licenses/by-nc-sa/3.0/,True,True,False,True
012,1138697,97/1138697.mp3,Tout le monde s'en fout,Löhstana David,http://www.jamendo.com/track/1138697,CC BY-SA,a Creative Commons Attribution-Share-Alike license,http://creativecommons.org/licenses/by-sa/3.0/,False,True,False,True
013,145366,66/145366.mp3,Question de point de vue,Löhstana David,http://www.jamendo.com/track/145366,CC BY-SA,a Creative Commons Attribution-Share-Alike license,http://creativecommons.org/licenses/by-sa/3.0/,False,True,False,True
014,242410,10/242410.mp3,Statues,The Dada Weatherman,http://www.jamendo.com/track/242410,CC BY-SA,a Creative Commons Attribution-Share-Alike license,http://creativecommons.org/licenses/by-sa/3.0/,False,True,False,True
015,1007274,74/1007274.mp3,FAT TIRE,Bane Djakovic,http://www.jamendo.com/track/1007274,CC BY,a Creative Commons Attribution license,http://creativecommons.org/licenses/by/3.0/,False,False,False,True
017,43881,81/43881.mp3,Your Reality,STEEP,http://www.jamendo.com/track/43881,CC BY-SA,a Creative Commons Attribution-Share-Alike license,http://creativecommons.org/licenses/by-sa/3.0/,False,True,False,True
019,242640,40/242640.mp3,Flying on a Cloud,The Dada Weatherman,http://www.jamendo.com/track/242640,CC BY-SA,a Creative Commons Attribution-Share-Alike license,http://creativecommons.org/licenses/by-sa/3.0/,False,True,False,True
021,518603,03/518603.mp3,I love you [ House Mix ],EIVISSA SALINAS feat. DJ HSERES,http://www.jamendo.com/track/518603,CC BY-NC-SA,a Creative Commons Attribution-Non-Commercial-Share-Alike license,http://creativecommons.org/licenses/by-nc-sa/3.0/,True,True,False,True
022,7360,60/7360.mp3,Better Man,Steven Dunston,http://www.jamendo.com/track/7360,CC BY-NC-SA,a Creative Commons Attribution-Non-Commercial-Share-Alike license,http://creativecommons.org/licenses/by-nc-sa/2.5/,True,True,False,True
023,357387,87/357387.mp3,El Guapo,ProyectoT,http://www.jamendo.com/track/357387,CC BY-SA,a Creative Commons Attribution-Share-Alike license,http://creativecommons.org/licenses/by-sa/3.0/,False,True,False,True
024,1194311,11/1194311.mp3,The Way I Feel,The Dada Weatherman,http://www.jamendo.com/track/1194311,CC BY-SA,a Creative Commons Attribution-Share-Alike license,http://creativecommons.org/licenses/by-sa/3.0/,False,True,False,True
025,1356349,49/1356349.mp3,I'm Not Looking For Love,The Vow,http://www.jamendo.com/track/1356349,CC BY-NC-SA,a Creative Commons Attribution-Non-Commercial-Share-Alike license,http://creativecommons.org/licenses/by-nc-sa/3.0/,True,True,False,True
026,1418302,02/1418302.mp3,"Anywhere, Everywhere",Kara Square,http://www.jamendo.com/track/1418302,CC BY-NC,a Creative Commons Attribution-Non-Commercial license,http://creativecommons.org/licenses/by-nc/3.0/,True,False,False,True
027,347858,58/347858.mp3,Misdemeanor,Lorenzo's Music,http://www.jamendo.com/track/347858,CC BY-SA,a Creative Commons Attribution-Share-Alike license,http://creativecommons.org/licenses/by-sa/3.0/,False,True,False,True
029,7363,63/7363.mp3,Lost in My Head,Steven Dunston,http://www.jamendo.com/track/7363,CC BY-NC-SA,a Creative Commons Attribution-Non-Commercial-Share-Alike license,http://creativecommons.org/licenses/by-nc-sa/2.5/,True,True,False,True
031,353494,94/353494.mp3,Dying Moon,The Dada Weatherman,http://www.jamendo.com/track/353494,CC BY-SA,a Creative Commons Attribution-Share-Alike license,http://creativecommons.org/licenses/by-sa/3.0/,False,True,False,True
032,1245184,84/1245184.mp3,Viva La Wave,Ton in Ton,http://www.jamendo.com/track/1245184,CC BY,a Creative Commons Attribution license,http://creativecommons.org/licenses/by/3.0/,False,False,False,True
033,1282564,64/1282564.mp3,introspective,Naturalbodyartist,http://www.jamendo.com/track/1282564,CC BY-NC-SA,a Creative Commons Attribution-Non-Commercial-Share-Alike license,http://creativecommons.org/licenses/by-nc-sa/3.0/,True,True,False,True
034,285434,34/285434.mp3,Quintet Op. 88 - 3. Allegro energico,Materassi Ensemble,http://www.jamendo.com/track/285434,CC BY-NC-SA,a Creative Commons Attribution-Non-Commercial-Share-Alike license,http://creativecommons.org/licenses/by-nc-sa/3.0/,True,True,False,True
035,734510,10/734510.mp3,beta 04,Equalypse,http://www.jamendo.com/track/734510,CC BY-SA,a Creative Commons Attribution-Share-Alike license,http://creativecommons.org/licenses/by-sa/3.0/,False,True,False,True
036,357192,92/357192.mp3,Latino Soy,ProyectoT,http://www.jamendo.com/track/357192,CC BY-SA,a Creative Commons Attribution-Share-Alike license,http://creativecommons.org/licenses/by-sa/3.0/,False,True,False,True
037,10575,75/10575.mp3,Knoklezout au taquet !,David TMX,http://www.jamendo.com/track/10575,CC BY-NC-SA,a Creative Commons Attribution-Non-Commercial-Share-Alike license,http://creativecommons.org/licenses/by-nc-sa/3.0/,True,True,False,True
039,296237,37/296237.mp3,Les souvenirs,Pianochocolate,http://www.jamendo.com/track/296237,CC BY-NC-SA,a Creative Commons Attribution-Non-Commercial-Share-Alike license,http://creativecommons.org/licenses/by-nc-sa/3.0/,True,True,False,True
040,727904,04/727904.mp3,Inside a dream,Celestial Aeon Project,http://www.jamendo.com/track/727904,CC BY-NC-SA,a Creative Commons Attribution-Non-Commercial-Share-Alike license,http://creativecommons.org/licenses/by-nc-sa/3.0/,True,True,False,True
041,461560,60/461560.mp3,The Spyin Blues,Crete Boom,http://www.jamendo.com/track/461560,CC BY-NC-SA,a Creative Commons Attribution-Non-Commercial-Share-Alike license,http://creativecommons.org/licenses/by-nc-sa/3.0/,True,True,False,True
042,785426,26/785426.mp3,Petit talibé - INSTRUMENTAL VERSION,Löhstana David,http://www.jamendo.com/track/785426,CC BY-SA,a Creative Commons Attribution-Share-Alike license,http://creativecommons.org/licenses/by-sa/3.0/,False,True,False,True
043,1162015,15/1162015.mp3,The Search,STEEP,http://www.jamendo.com/track/1162015,CC BY-NC-SA,a Creative Commons Attribution-Non-Commercial-Share-Alike license,http://creativecommons.org/licenses/by-nc-sa/3.0/,True,True,False,True
044,1066197,97/1066197.mp3,Common Dreams,Udo Vismann,http://www.jamendo.com/track/1066197,CC BY-NC-SA,a Creative Commons Attribution-Non-Commercial-Share-Alike license,http://creativecommons.org/licenses/by-nc-sa/3.0/,True,True,False,True
045,1119016,16/1119016.mp3,A Beautyful Day,The Verandas,http://www.jamendo.com/track/1119016,CC BY-NC-SA,a Creative Commons Attribution-Non-Commercial-Share-Alike license,http://creativecommons.org/licenses/by-nc-sa/3.0/,True,True,False,True
046,40639,39/40639.mp3,Arca,Music is Love,http://www.jamendo.com/track/40639,CC BY-NC-SA,a Creative Commons Attribution-Non-Commercial-Share-Alike license,http://creativecommons.org/licenses/by-nc-sa/3.0/,True,True,False,True
047,1125375,75/1125375.mp3,DREAMCATCHER II,Bane Djakovic,http://www.jamendo.com/track/1125375,CC BY-SA,a Creative Commons Attribution-Share-Alike license,http://creativecommons.org/licenses/by-sa/3.0/,False,True,False,True
048,26432,32/26432.mp3,Waltz,Celestial Aeon Project,http://www.jamendo.com/track/26432,CC BY-NC-SA,a Creative Commons Attribution-Non-Commercial-Share-Alike license,http://creativecommons.org/licenses/by-nc-sa/2.5/,True,True,False,True
049,363326,26/363326.mp3,So many words (Unfinished song),Jahzzar,http://www.jamendo.com/track/363326,CC BY-SA,a Creative Commons Attribution-Share-Alike license,http://creativecommons.org/licenses/by-sa/3.0/,False,True,False,True
051,537116,16/537116.mp3,Dentro De Mi,Sundayers,http://www.jamendo.com/track/537116,CC BY-NC-SA,a Creative Commons Attribution-Non-Commercial-Share-Alike license,http://creativecommons.org/licenses/by-nc-sa/3.0/,True,True,False,True
052,1350951,51/1350951.mp3,Secret Service,FiluAndDina,http://www.jamendo.com/track/1350951,CC BY-NC,a Creative Commons Attribution-Non-Commercial license,http://creativecommons.org/licenses/by-nc/3.0/,True,False,False,True
053,635960,60/635960.mp3,Harmonies,The Dada Weatherman,http://www.jamendo.com/track/635960,CC BY-SA,a Creative Commons Attribution-Share-Alike license,http://creativecommons.org/licenses/by-sa/3.0/,False,True,False,True
054,1169706,06/1169706.mp3,"Chopin, F.: Lento con gran espressione (Nocturne No. 20), in C-sharp Minor, P 1, No. 16, KKIVa/16",OnClassical,http://www.jamendo.com/track/1169706,CC BY-NC-SA,a Creative Commons Attribution-Non-Commercial-Share-Alike license,http://creativecommons.org/licenses/by-nc-sa/3.0/,True,True,False,True
056,1194315,15/1194315.mp3,Human Light,The Dada Weatherman,http://www.jamendo.com/track/1194315,CC BY-SA,a Creative Commons Attribution-Share-Alike license,http://creativecommons.org/licenses/by-sa/3.0/,False,True,False,True
057,1357132,32/1357132.mp3,As The Crow Flies,The Vow,http://www.jamendo.com/track/1357132,CC BY-NC-SA,a Creative Commons Attribution-Non-Commercial-Share-Alike license,http://creativecommons.org/licenses/by-nc-sa/3.0/,True,True,False,True
058,135658,58/135658.mp3,Be Here (ft. Derrius Dean),Jemex,http://www.jamendo.com/track/135658,CC BY-SA,a Creative Commons Attribution-Share-Alike license,http://creativecommons.org/licenses/by-sa/3.0/,False,True,False,True
059,599227,27/599227.mp3,Origin,Jahzzar,http://www.jamendo.com/track/599227,CC BY-SA,a Creative Commons Attribution-Share-Alike license,http://creativecommons.org/licenses/by-sa/3.0/,False,True,False,True
060,25250,50/25250.mp3,Inspiring,Celestial Aeon Project,http://www.jamendo.com/track/25250,CC BY-NC,a Creative Commons Attribution-Non-Commercial license,http://creativecommons.org/licenses/by-nc/3.0/,True,False,False,True
062,642167,67/642167.mp3,Neon Glass Pledge,Icon Girl Pistols,http://www.jamendo.com/track/642167,CC BY-NC-SA,a Creative Commons Attribution-Non-Commercial-Share-Alike license,http://creativecommons.org/licenses/by-nc-sa/3.0/,True,True,False,True
063,1053845,45/1053845.mp3,Dark Clouds,-Maze-,http://www.jamendo.com/track/1053845,CC BY-NC-SA,a Creative Commons Attribution-Non-Commercial-Share-Alike license,http://creativecommons.org/licenses/by-nc-sa/2.0/uk/,True,True,False,True
064,1169708,08/1169708.mp3,"Dvorak, A.: 8 Humoresques, Op. 101, B. 187 - No. 7. Poco lento e grazioso in G-Flat Major",OnClassical,http://www.jamendo.com/track/1169708,CC BY-NC-SA,a Creative Commons Attribution-Non-Commercial-Share-Alike license,http://creativecommons.org/licenses/by-nc-sa/3.0/,True,True,False,True
065,785434,34/785434.mp3,Quand je serai grand - INSTRUMENTAL VERSION ,Löhstana David,http://www.jamendo.com/track/785434,CC BY,a Creative Commons Attribution license,http://creativecommons.org/licenses/by/3.0/,False,False,False,True
067,945200,00/945200.mp3,Heartbeat,Disconauts Music Production,http://www.jamendo.com/track/945200,CC BY-NC-SA,a Creative Commons Attribution-Non-Commercial-Share-Alike license,http://creativecommons.org/licenses/by-nc-sa/3.0/,True,True,False,True
068,617329,29/617329.mp3,Tout va trop vite,DON VALDES,http://www.jamendo.com/track/617329,CC BY-SA,a Creative Commons Attribution-Share-Alike license,http://creativecommons.org/licenses/by-sa/2.0/fr/,False,True,False,True
069,938054,54/938054.mp3,Les petits poissons roses INSTRUMENTAL VERSION,Löhstana David,http://www.jamendo.com/track/938054,CC BY-SA,a Creative Commons Attribution-Share-Alike license,http://creativecommons.org/licenses/by-sa/3.0/,False,True,False,True
070,437794,94/437794.mp3,Lost_m,entheos,http://www.jamendo.com/track/437794,CC BY-NC-SA,a Creative Commons Attribution-Non-Commercial-Share-Alike license,http://creativecommons.org/licenses/by-nc-sa/3.0/,True,True,False,True
071,175043,43/175043.mp3,Vie,Löhstana David,http://www.jamendo.com/track/175043,CC BY,a Creative Commons Attribution license,http://creativecommons.org/licenses/by/3.0/,False,False,False,True
072,1057890,90/1057890.mp3,Bajo el séptimo cielo,Miguel Perez Sancho,http://www.jamendo.com/track/1057890,CC BY-NC-SA,a Creative Commons Attribution-Non-Commercial-Share-Alike license,http://creativecommons.org/licenses/by-nc-sa/3.0/,True,True,False,True
073,172023,23/172023.mp3,It's Over (feat. Daniel Gidlund),Jonay,http://www.jamendo.com/track/172023,CC BY,a Creative Commons Attribution license,http://creativecommons.org/licenses/by/2.5/se/,False,False,False,True
074,5344,44/5344.mp3,Sale,Silence,http://www.jamendo.com/track/5344,Free Art License,License Art Libre,http://artlibre.org/licence/lal/,False,True,False,True
076,1313212,12/1313212.mp3,Armed and READY,Kara Square,http://www.jamendo.com/track/1313212,CC BY-NC,a Creative Commons Attribution-Non-Commercial license,http://creativecommons.org/licenses/by-nc/3.0/,True,False,False,True
079,1245190,90/1245190.mp3,Skyflower,Ton in Ton,http://www.jamendo.com/track/1245190,CC BY,a Creative Commons Attribution license,http://creativecommons.org/licenses/by/3.0/,False,False,False,True
080,1194316,16/1194316.mp3,Fuck It,The Dada Weatherman,http://www.jamendo.com/track/1194316,CC BY-SA,a Creative Commons Attribution-Share-Alike license,http://creativecommons.org/licenses/by-sa/3.0/,False,True,False,True
081,39105,05/39105.mp3,la complainte des 7 nains ,David TMX,http://www.jamendo.com/track/39105,CC BY-NC,a Creative Commons Attribution-Non-Commercial license,http://creativecommons.org/licenses/by-nc/3.0/,True,False,False,True
082,1288067,67/1288067.mp3,last summer morning,Tet production,http://www.jamendo.com/track/1288067,CC BY-NC-SA,a Creative Commons Attribution-Non-Commercial-Share-Alike license,http://creativecommons.org/licenses/by-nc-sa/3.0/,True,True,False,True
083,242384,84/242384.mp3,Painted Dream,The Dada Weatherman,http://www.jamendo.com/track/242384,CC BY-SA,a Creative Commons Attribution-Share-Alike license,http://creativecommons.org/licenses/by-sa/3.0/,False,True,False,True
084,87893,93/87893.mp3,Cartero del Rey - Introducción,clbustos,http://www.jamendo.com/track/87893,CC BY-NC-SA,a Creative Commons Attribution-Non-Commercial-Share-Alike license,http://creativecommons.org/licenses/by-nc-sa/2.0/cl/,True,True,False,True
085,945194,94/945194.mp3,Streets,Disconauts Music Production,http://www.jamendo.com/track/945194,CC BY-NC-SA,a Creative Commons Attribution-Non-Commercial-Share-Alike license,http://creativecommons.org/licenses/by-nc-sa/3.0/,True,True,False,True
086,945199,99/945199.mp3,Golden Wings,Disconauts Music Production,http://www.jamendo.com/track/945199,CC BY-NC-SA,a Creative Commons Attribution-Non-Commercial-Share-Alike license,http://creativecommons.org/licenses/by-nc-sa/3.0/,True,True,False,True
087,83880,80/83880.mp3,O desassossego,Kalliopi,http://www.jamendo.com/track/83880,CC BY-NC-SA,a Creative Commons Attribution-Non-Commercial-Share-Alike license,http://creativecommons.org/licenses/by-nc-sa/2.0/at/,True,True,False,True
089,35350,50/35350.mp3,slow,amélie,http://www.jamendo.com/track/35350,CC BY-NC-SA,a Creative Commons Attribution-Non-Commercial-Share-Alike license,http://creativecommons.org/licenses/by-nc-sa/2.5/,True,True,False,True
090,146590,90/146590.mp3,"Fryderyk Chopin: Scherzo in b-flat minor, Op. 31",OnClassical,http://www.jamendo.com/track/146590,CC BY-NC-SA,a Creative Commons Attribution-Non-Commercial-Share-Alike license,http://creativecommons.org/licenses/by-nc-sa/3.0/,True,True,False,True
091,11839,39/11839.mp3,bluzynette,Fadièse,http://www.jamendo.com/track/11839,CC BY-SA,a Creative Commons Attribution-Share-Alike license,http://creativecommons.org/licenses/by-sa/3.0/,False,True,False,True
093,202741,41/202741.mp3,What people do,The Verandas,http://www.jamendo.com/track/202741,CC BY-NC-SA,a Creative Commons Attribution-Non-Commercial-Share-Alike license,http://creativecommons.org/licenses/by-nc-sa/3.0/,True,True,False,True
094,439178,78/439178.mp3,Farewell,Blind Violet,http://www.jamendo.com/track/439178,CC BY-NC-SA,a Creative Commons Attribution-Non-Commercial-Share-Alike license,http://creativecommons.org/licenses/by-nc-sa/2.5/it/,True,True,False,True
095,5084,84/5084.mp3,Groovy E-T Funk,Tom La Meche,http://www.jamendo.com/track/5084,CC BY-NC-SA,a Creative Commons Attribution-Non-Commercial-Share-Alike license,http://creativecommons.org/licenses/by-nc-sa/2.5/,True,True,False,True
096,296235,35/296235.mp3,Flight,Pianochocolate,http://www.jamendo.com/track/296235,CC BY-NC-SA,a Creative Commons Attribution-Non-Commercial-Share-Alike license,http://creativecommons.org/licenses/by-nc-sa/3.0/,True,True,False,True
100,206609,09/206609.mp3,Ghost of a Nation,Crete Boom,http://www.jamendo.com/track/206609,CC BY-NC-SA,a Creative Commons Attribution-Non-Commercial-Share-Alike license,http://creativecommons.org/licenses/by-nc-sa/3.0/,True,True,False,True
102,1187970,70/1187970.mp3,All Rights Reserved,Anny Sky,http://www.jamendo.com/track/1187970,CC BY-NC-SA,a Creative Commons Attribution-Non-Commercial-Share-Alike license,http://creativecommons.org/licenses/by-nc-sa/3.0/,True,True,False,True
103,1069500,00/1069500.mp3,Moments in Kalm,Mauro F,http://www.jamendo.com/track/1069500,CC BY-SA,a Creative Commons Attribution-Share-Alike license,http://creativecommons.org/licenses/by-sa/3.0/,False,True,False,True
105,145371,71/145371.mp3,Même juste en rêve une dernière fois,Löhstana David,http://www.jamendo.com/track/145371,CC BY-SA,a Creative Commons Attribution-Share-Alike license,http://creativecommons.org/licenses/by-sa/3.0/,False,True,False,True
106,723360,60/723360.mp3,Tangoegká,Vagos Permanentes,http://www.jamendo.com/track/723360,CC BY-NC-SA,a Creative Commons Attribution-Non-Commercial-Share-Alike license,http://creativecommons.org/licenses/by-nc-sa/2.5/es/,True,True,False,True
108,1119019,19/1119019.mp3,The Biggest Thing,The Verandas,http://www.jamendo.com/track/1119019,CC BY-NC-SA,a Creative Commons Attribution-Non-Commercial-Share-Alike license,http://creativecommons.org/licenses/by-nc-sa/3.0/,True,True,False,True
109,986589,89/986589.mp3,Le petit chaperon rose,Löhstana David,http://www.jamendo.com/track/986589,CC BY-SA,a Creative Commons Attribution-Share-Alike license,http://creativecommons.org/licenses/by-sa/3.0/,False,True,False,True
110,1170740,40/1170740.mp3,Silent night,Sleeping Sky,http://www.jamendo.com/track/1170740,CC BY-NC-SA,a Creative Commons Attribution-Non-Commercial-Share-Alike license,http://creativecommons.org/licenses/by-nc-sa/3.0/,True,True,False,True
113,1169713,13/1169713.mp3,"Gershwin, G.: Three Preludes - No. 2. Andante con moto e poco rubato",OnClassical,http://www.jamendo.com/track/1169713,CC BY-NC-SA,a Creative Commons Attribution-Non-Commercial-Share-Alike license,http://creativecommons.org/licenses/by-nc-sa/3.0/,True,True,False,True
116,1356875,75/1356875.mp3,Boys In Their Games,The Vow,http://www.jamendo.com/track/1356875,CC BY-NC-SA,a Creative Commons Attribution-Non-Commercial-Share-Alike license,http://creativecommons.org/licenses/by-nc-sa/3.0/,True,True,False,True
117,181608,08/181608.mp3,Planète bleue,Löhstana David,http://www.jamendo.com/track/181608,CC BY,a Creative Commons Attribution license,http://creativecommons.org/licenses/by/3.0/,False,False,False,True
118,330655,55/330655.mp3,In China,Musician Toy,http://www.jamendo.com/track/330655,CC BY-NC-SA,a Creative Commons Attribution-Non-Commercial-Share-Alike license,http://creativecommons.org/licenses/by-nc-sa/3.0/,True,True,False,True
119,781951,51/781951.mp3,Comando Rojo (original mix),Danubio Rodriguez,http://www.jamendo.com/track/781951,CC BY-NC-SA,a Creative Commons Attribution-Non-Commercial-Share-Alike license,http://creativecommons.org/licenses/by-nc-sa/3.0/,True,True,False,True
121,945193,93/945193.mp3,You Are My Everything,Disconauts Music Production,http://www.jamendo.com/track/945193,CC BY-NC-SA,a Creative Commons Attribution-Non-Commercial-Share-Alike license,http://creativecommons.org/licenses/by-nc-sa/3.0/,True,True,False,True
122,1245192,92/1245192.mp3,Sun and Friends,Ton in Ton,http://www.jamendo.com/track/1245192,CC BY,a Creative Commons Attribution license,http://creativecommons.org/licenses/by/3.0/,False,False,False,True
124,1169718,18/1169718.mp3,"Mozart, W.A.: Sonata No. 16 in C Major, K. 545 - II. Andante",OnClassical,http://www.jamendo.com/track/1169718,CC BY-NC-SA,a Creative Commons Attribution-Non-Commercial-Share-Alike license,http://creativecommons.org/licenses/by-nc-sa/3.0/,True,True,False,True
125,305160,60/305160.mp3,Reflejos,Erizo,http://www.jamendo.com/track/305160,CC BY-SA,a Creative Commons Attribution-Share-Alike license,http://creativecommons.org/licenses/by-sa/3.0/,False,True,False,True
128,1269564,64/1269564.mp3,Always in my Heart,Esther Garcia,http://www.jamendo.com/track/1269564,CC BY-NC-SA,a Creative Commons Attribution-Non-Commercial-Share-Alike license,http://creativecommons.org/licenses/by-nc-sa/3.0/,True,True,False,True
130,345155,55/345155.mp3,Lorenzo's Music - oh oh oh,Lorenzo's Music,http://www.jamendo.com/track/345155,CC BY-SA,a Creative Commons Attribution-Share-Alike license,http://creativecommons.org/licenses/by-sa/3.0/,False,True,False,True
132,1051203,03/1051203.mp3,The Letter,Jill Zimmerman,http://www.jamendo.com/track/1051203,CC BY-NC-SA,a Creative Commons Attribution-Non-Commercial-Share-Alike license,http://creativecommons.org/licenses/by-nc-sa/3.0/,True,True,False,True
133,309856,56/309856.mp3,Black Sea,Gerry Davis,http://www.jamendo.com/track/309856,CC BY-SA,a Creative Commons Attribution-Share-Alike license,http://creativecommons.org/licenses/by-sa/3.0/,False,True,False,True
134,1356344,44/1356344.mp3,Small Thoughts,The Vow,http://www.jamendo.com/track/1356344,CC BY-NC-SA,a Creative Commons Attribution-Non-Commercial-Share-Alike license,http://creativecommons.org/licenses/by-nc-sa/3.0/,True,True,False,True
135,243734,34/243734.mp3,WorldWide Sight,The Dada Weatherman,http://www.jamendo.com/track/243734,CC BY-SA,a Creative Commons Attribution-Share-Alike license,http://creativecommons.org/licenses/by-sa/3.0/,False,True,False,True
136,402063,63/402063.mp3,War Drums,Celestial Aeon Project,http://www.jamendo.com/track/402063,CC BY-NC-SA,a Creative Commons Attribution-Non-Commercial-Share-Alike license,http://creativecommons.org/licenses/by-nc-sa/3.0/,True,True,False,True
137,1086667,67/1086667.mp3,NEW YORK JE T'ADORE,I'M FRESH! YOU'RE PRETTY!,http://www.jamendo.com/track/1086667,CC BY-SA,a Creative Commons Attribution-Share-Alike license,http://creativecommons.org/licenses/by-sa/3.0/,False,True,False,True
139,957463,63/957463.mp3,Bossa Jazz,Löhstana David,http://www.jamendo.com/track/957463,CC BY-SA,a Creative Commons Attribution-Share-Alike license,http://creativecommons.org/licenses/by-sa/3.0/,False,True,False,True
140,76658,58/76658.mp3,Demakupisez-moi les,Löhstana David,http://www.jamendo.com/track/76658,CC BY-SA,a Creative Commons Attribution-Share-Alike license,http://creativecommons.org/licenses/by-sa/2.0/fr/,False,True,False,True
142,1357019,19/1357019.mp3,Famous last words,The Vow,http://www.jamendo.com/track/1357019,CC BY-NC-SA,a Creative Commons Attribution-Non-Commercial-Share-Alike license,http://creativecommons.org/licenses/by-nc-sa/3.0/,True,True,False,True
143,537126,26/537126.mp3,Si Mueves...,Sundayers,http://www.jamendo.com/track/537126,CC BY-NC-SA,a Creative Commons Attribution-Non-Commercial-Share-Alike license,http://creativecommons.org/licenses/by-nc-sa/3.0/,True,True,False,True
145,101006,06/101006.mp3,Ballad of the Sad Man,The Old Dada Weatherman ,http://www.jamendo.com/track/101006,CC BY-NC-SA,a Creative Commons Attribution-Non-Commercial-Share-Alike license,http://creativecommons.org/licenses/by-nc-sa/3.0/,True,True,False,True
146,7259,59/7259.mp3,Cheyenne Soul,FrenchLAB (French Laboratory Of),http://www.jamendo.com/track/7259,CC BY-SA,a Creative Commons Attribution-Share-Alike license,http://creativecommons.org/licenses/by-sa/3.0/,False,True,False,True
148,785422,22/785422.mp3,Déjà tout bu - INSTRUMENTAL VERSION,Löhstana David,http://www.jamendo.com/track/785422,CC BY-SA,a Creative Commons Attribution-Share-Alike license,http://creativecommons.org/licenses/by-sa/3.0/,False,True,False,True
149,123447,47/123447.mp3,02 J'y suis j'y reste,Löhstana David,http://www.jamendo.com/track/123447,CC BY-NC-SA,a Creative Commons Attribution-Non-Commercial-Share-Alike license,http://creativecommons.org/licenses/by-nc-sa/3.0/,True,True,False,True
151,145945,45/145945.mp3,Chinese Drop,Major Major,http://www.jamendo.com/track/145945,CC BY-NC-SA,a Creative Commons Attribution-Non-Commercial-Share-Alike license,http://creativecommons.org/licenses/by-nc-sa/3.0/,True,True,False,True
153,1122392,92/1122392.mp3,Synthesis,Xytum,http://www.jamendo.com/track/1122392,CC BY-NC-SA,a Creative Commons Attribution-Non-Commercial-Share-Alike license,http://creativecommons.org/licenses/by-nc-sa/3.0/,True,True,False,True
154,1060600,00/1060600.mp3,Midnight,Giulio Bradamante,http://www.jamendo.com/track/1060600,CC BY-SA,a Creative Commons Attribution-Share-Alike license,http://creativecommons.org/licenses/by-sa/2.5/it/,False,True,False,True
155,437795,95/437795.mp3,Everything_m,entheos,http://www.jamendo.com/track/437795,CC BY-NC-SA,a Creative Commons Attribution-Non-Commercial-Share-Alike license,http://creativecommons.org/licenses/by-nc-sa/3.0/,True,True,False,True
156,1245189,89/1245189.mp3,Diving,Ton in Ton,http://www.jamendo.com/track/1245189,CC BY,a Creative Commons Attribution license,http://creativecommons.org/licenses/by/3.0/,False,False,False,True
158,1245181,81/1245181.mp3,Al Cante,Ton in Ton,http://www.jamendo.com/track/1245181,CC BY,a Creative Commons Attribution license,http://creativecommons.org/licenses/by/3.0/,False,False,False,True
159,785436,36/785436.mp3,T'empailler toute nue - INSTRUMENTAL VERSION ,Löhstana David,http://www.jamendo.com/track/785436,CC BY-SA,a Creative Commons Attribution-Share-Alike license,http://creativecommons.org/licenses/by-sa/3.0/,False,True,False,True
161,17170,70/17170.mp3,Tour de manège,Real Rice,http://www.jamendo.com/track/17170,CC BY-NC-SA,a Creative Commons Attribution-Non-Commercial-Share-Alike license,http://creativecommons.org/licenses/by-nc-sa/3.0/,True,True,False,True
163,12302,02/12302.mp3,Bad luck soul,Trafic de Blues,http://www.jamendo.com/track/12302,CC BY-NC-SA,a Creative Commons Attribution-Non-Commercial-Share-Alike license,http://creativecommons.org/licenses/by-nc-sa/2.5/,True,True,False,True
164,156061,61/156061.mp3,Below The Arctic Ocean,Azhrak,http://www.jamendo.com/track/156061,CC BY-NC-SA,a Creative Commons Attribution-Non-Commercial-Share-Alike license,http://creativecommons.org/licenses/by-nc-sa/3.0/,True,True,False,True
166,1281209,09/1281209.mp3,sex,V-zen instrumental beat,http://www.jamendo.com/track/1281209,CC BY,a Creative Commons Attribution license,http://creativecommons.org/licenses/by/3.0/,False,False,False,True
169,1135054,54/1135054.mp3,The Journey,Atw,http://www.jamendo.com/track/1135054,CC BY-NC-SA,a Creative Commons Attribution-Non-Commercial-Share-Alike license,http://creativecommons.org/licenses/by-nc-sa/3.0/,True,True,False,True
170,344324,24/344324.mp3,Moon and little stars,Alexander Stamenkovic,http://www.jamendo.com/track/344324,CC BY-SA,a Creative Commons Attribution-Share-Alike license,http://creativecommons.org/licenses/by-sa/3.0/,False,True,False,True
171,14046,46/14046.mp3,Trilogy theme,Briovere Buffentis,http://www.jamendo.com/track/14046,CC BY-NC-SA,a Creative Commons Attribution-Non-Commercial-Share-Alike license,http://creativecommons.org/licenses/by-nc-sa/2.5/,True,True,False,True
172,785425,25/785425.mp3,La rupture - INSTRUMENTAL VERSION ,Löhstana David,http://www.jamendo.com/track/785425,CC BY-SA,a Creative Commons Attribution-Share-Alike license,http://creativecommons.org/licenses/by-sa/3.0/,False,True,False,True
177,348881,81/348881.mp3,wood between the worlds,Brokenkites,http://www.jamendo.com/track/348881,CC BY-NC-SA,a Creative Commons Attribution-Non-Commercial-Share-Alike license,http://creativecommons.org/licenses/by-nc-sa/3.0/,True,True,False,True
178,956244,44/956244.mp3,Titanic,Julien Allioux,http://www.jamendo.com/track/956244,CC BY-SA,a Creative Commons Attribution-Share-Alike license,http://creativecommons.org/licenses/by-sa/3.0/,False,True,False,True
179,1159244,44/1159244.mp3,Forever glam,THEO ARNISOUND,http://www.jamendo.com/track/1159244,CC BY-NC-SA,a Creative Commons Attribution-Non-Commercial-Share-Alike license,http://creativecommons.org/licenses/by-nc-sa/2.0/fr/,True,True,False,True
180,1293996,96/1293996.mp3,The Sweetest Treat,Townhouse Woods,http://www.jamendo.com/track/1293996,CC BY-NC-SA,a Creative Commons Attribution-Non-Commercial-Share-Alike license,http://creativecommons.org/licenses/by-nc-sa/3.0/,True,True,False,True
181,1169734,34/1169734.mp3,"Brahms, J.: 16 Waltzes, Op. 39 - XV. (A major) 'Lullaby' (Ninna Nanna)",OnClassical,http://www.jamendo.com/track/1169734,CC BY-NC-SA,a Creative Commons Attribution-Non-Commercial-Share-Alike license,http://creativecommons.org/licenses/by-nc-sa/3.0/,True,True,False,True
182,1356313,13/1356313.mp3,Far Too Lonely,The Vow,http://www.jamendo.com/track/1356313,CC BY-NC-SA,a Creative Commons Attribution-Non-Commercial-Share-Alike license,http://creativecommons.org/licenses/by-nc-sa/3.0/,True,True,False,True
183,101464,64/101464.mp3,Hello Black & White Bird,The Old Dada Weatherman ,http://www.jamendo.com/track/101464,CC BY-NC-SA,a Creative Commons Attribution-Non-Commercial-Share-Alike license,http://creativecommons.org/licenses/by-nc-sa/3.0/,True,True,False,True
187,1245185,85/1245185.mp3,Thinking Of You,Ton in Ton,http://www.jamendo.com/track/1245185,CC BY,a Creative Commons Attribution license,http://creativecommons.org/licenses/by/3.0/,False,False,False,True
188,135657,57/135657.mp3,Square 1 (ft. Derrius Dean),Jemex,http://www.jamendo.com/track/135657,CC BY-SA,a Creative Commons Attribution-Share-Alike license,http://creativecommons.org/licenses/by-sa/3.0/,False,True,False,True
189,43419,19/43419.mp3,Ich Will,K.Os Rhymes,http://www.jamendo.com/track/43419,CC BY-SA,a Creative Commons Attribution-Share-Alike license,http://creativecommons.org/licenses/by-sa/3.0/,False,True,False,True
190,309861,61/309861.mp3,Memories,Gerry Davis,http://www.jamendo.com/track/309861,CC BY-SA,a Creative Commons Attribution-Share-Alike license,http://creativecommons.org/licenses/by-sa/3.0/,False,True,False,True
193,945196,96/945196.mp3,Bright Light,Disconauts Music Production,http://www.jamendo.com/track/945196,CC BY-NC-SA,a Creative Commons Attribution-Non-Commercial-Share-Alike license,http://creativecommons.org/licenses/by-nc-sa/3.0/,True,True,False,True
195,3453,53/3453.mp3,John Kafé disjoncte,David TMX,http://www.jamendo.com/track/3453,CC BY-NC-SA,a Creative Commons Attribution-Non-Commercial-Share-Alike license,http://creativecommons.org/licenses/by-nc-sa/3.0/,True,True,False,True
196,1051201,01/1051201.mp3,Show Me,Jill Zimmerman,http://www.jamendo.com/track/1051201,CC BY-NC-SA,a Creative Commons Attribution-Non-Commercial-Share-Alike license,http://creativecommons.org/licenses/by-nc-sa/3.0/,True,True,False,True
200,1055022,22/1055022.mp3,The End - Onnírica,Onnirica,http://www.jamendo.com/track/1055022,CC BY-SA,a Creative Commons Attribution-Share-Alike license,http://creativecommons.org/licenses/by-sa/3.0/,False,True,False,True
201,11841,41/11841.mp3,musiquette,Fadièse,http://www.jamendo.com/track/11841,CC BY-SA,a Creative Commons Attribution-Share-Alike license,http://creativecommons.org/licenses/by-sa/3.0/,False,True,False,True
202,357273,73/357273.mp3,No Me Conoces Aun,ProyectoT,http://www.jamendo.com/track/357273,CC BY-SA,a Creative Commons Attribution-Share-Alike license,http://creativecommons.org/licenses/by-sa/3.0/,False,True,False,True
203,43988,88/43988.mp3,Ballad of a Sad Man,The Old Dada Weatherman ,http://www.jamendo.com/track/43988,CC BY-NC-SA,a Creative Commons Attribution-Non-Commercial-Share-Alike license,http://creativecommons.org/licenses/by-nc-sa/3.0/,True,True,False,True
204,25246,46/25246.mp3,Ethnic,Celestial Aeon Project,http://www.jamendo.com/track/25246,CC BY-NC,a Creative Commons Attribution-Non-Commercial license,http://creativecommons.org/licenses/by-nc/3.0/,True,False,False,True
205,1214580,80/1214580.mp3,La Styrienne,Esther Garcia,http://www.jamendo.com/track/1214580,CC BY-NC-SA,a Creative Commons Attribution-Non-Commercial-Share-Alike license,http://creativecommons.org/licenses/by-nc-sa/3.0/,True,True,False,True
208,208937,37/208937.mp3,Magic circle,DANIEL H,http://www.jamendo.com/track/208937,CC BY-NC-SA,a Creative Commons Attribution-Non-Commercial-Share-Alike license,http://creativecommons.org/licenses/by-nc-sa/2.0/fr/,True,True,False,True
210,145949,49/145949.mp3,Satellite,Major Major,http://www.jamendo.com/track/145949,CC BY-NC-SA,a Creative Commons Attribution-Non-Commercial-Share-Alike license,http://creativecommons.org/licenses/by-nc-sa/3.0/,True,True,False,True
213,285381,81/285381.mp3,Quintet Op. 88 - 1. Allegro non troppo ma con brio,Materassi Ensemble,http://www.jamendo.com/track/285381,CC BY-NC-SA,a Creative Commons Attribution-Non-Commercial-Share-Alike license,http://creativecommons.org/licenses/by-nc-sa/3.0/,True,True,False,True
214,464504,04/464504.mp3,Oh hi Oleandro,Paul Paolovic,http://www.jamendo.com/track/464504,CC BY-NC-SA,a Creative Commons Attribution-Non-Commercial-Share-Alike license,http://creativecommons.org/licenses/by-nc-sa/3.0/,True,True,False,True
217,5340,40/5340.mp3,Réalité,Silence,http://www.jamendo.com/track/5340,Free Art License,License Art Libre,http://artlibre.org/licence/lal/,False,True,False,True
218,201905,05/201905.mp3,Alexandra 05,Löhstana David,http://www.jamendo.com/track/201905,CC BY-NC-SA,a Creative Commons Attribution-Non-Commercial-Share-Alike license,http://creativecommons.org/licenses/by-nc-sa/3.0/,True,True,False,True
219,344323,23/344323.mp3,Childhood,Alexander Stamenkovic,http://www.jamendo.com/track/344323,CC BY-SA,a Creative Commons Attribution-Share-Alike license,http://creativecommons.org/licenses/by-sa/3.0/,False,True,False,True
220,832634,34/832634.mp3,Roulette,Lorenzo's Music,http://www.jamendo.com/track/832634,CC BY-SA,a Creative Commons Attribution-Share-Alike license,http://creativecommons.org/licenses/by-sa/3.0/,False,True,False,True
223,461015,15/461015.mp3,Light Inside,Oleg Serkov,http://www.jamendo.com/track/461015,CC BY-NC-SA,a Creative Commons Attribution-Non-Commercial-Share-Alike license,http://creativecommons.org/licenses/by-nc-sa/3.0/,True,True,False,True
226,1169728,28/1169728.mp3,"Chopin, F.: Nocturne No. 2 in E-flat Major, Op. 9, No. 2",OnClassical,http://www.jamendo.com/track/1169728,CC BY-NC-SA,a Creative Commons Attribution-Non-Commercial-Share-Alike license,http://creativecommons.org/licenses/by-nc-sa/3.0/,True,True,False,True
228,1050845,45/1050845.mp3,Dawid Jaworski - Husaria na polu bitwy (Epic Music),Dawid Jaworski,http://www.jamendo.com/track/1050845,CC BY-NC-SA,a Creative Commons Attribution-Non-Commercial-Share-Alike license,http://creativecommons.org/licenses/by-nc-sa/3.0/,True,True,False,True
230,1187965,65/1187965.mp3,New Trend,Anny Sky,http://www.jamendo.com/track/1187965,CC BY-SA,a Creative Commons Attribution-Share-Alike license,http://creativecommons.org/licenses/by-sa/3.0/,False,True,False,True
231,418240,40/418240.mp3,cedric share&melle smile-berta,Cedric Share,http://www.jamendo.com/track/418240,CC BY-SA,a Creative Commons Attribution-Share-Alike license,http://creativecommons.org/licenses/by-sa/3.0/,False,True,False,True
233,108650,50/108650.mp3,Fünf Freunde - Der Griff ins Klo,Fünf Freunde,http://www.jamendo.com/track/108650,CC BY-NC-SA,a Creative Commons Attribution-Non-Commercial-Share-Alike license,http://creativecommons.org/licenses/by-nc-sa/3.0/,True,True,False,True
235,296238,38/296238.mp3,Waltz,Pianochocolate,http://www.jamendo.com/track/296238,CC BY-NC-SA,a Creative Commons Attribution-Non-Commercial-Share-Alike license,http://creativecommons.org/licenses/by-nc-sa/3.0/,True,True,False,True
237,285674,74/285674.mp3,Contrapunctus XI a 4,Antonio Palareti,http://www.jamendo.com/track/285674,CC BY-NC-SA,a Creative Commons Attribution-Non-Commercial-Share-Alike license,http://creativecommons.org/licenses/by-nc-sa/3.0/,True,True,False,True
240,5347,47/5347.mp3,Follow me,Silence,http://www.jamendo.com/track/5347,Free Art License,License Art Libre,http://artlibre.org/licence/lal/,False,True,False,True
241,785415,15/785415.mp3,Cerises - INSTRUMENTAL VERSION,Löhstana David,http://www.jamendo.com/track/785415,CC BY-SA,a Creative Commons Attribution-Share-Alike license,http://creativecommons.org/licenses/by-sa/3.0/,False,True,False,True
243,1245186,86/1245186.mp3,To The Moon,Ton in Ton,http://www.jamendo.com/track/1245186,CC BY,a Creative Commons Attribution license,http://creativecommons.org/licenses/by/3.0/,False,False,False,True
244,986583,83/986583.mp3,Le cadeau,Löhstana David,http://www.jamendo.com/track/986583,CC BY-SA,a Creative Commons Attribution-Share-Alike license,http://creativecommons.org/licenses/by-sa/3.0/,False,True,False,True
246,272434,34/272434.mp3,Downtime,March Rosetta,http://www.jamendo.com/track/272434,CC BY-NC-SA,a Creative Commons Attribution-Non-Commercial-Share-Alike license,http://creativecommons.org/licenses/by-nc-sa/3.0/,True,True,False,True
248,307395,95/307395.mp3,El escultor.,Emilio Pineda,http://www.jamendo.com/track/307395,CC BY-NC-SA,a Creative Commons Attribution-Non-Commercial-Share-Alike license,http://creativecommons.org/licenses/by-nc-sa/3.0/,True,True,False,True
249,1169731,31/1169731.mp3,"Grieg, E.: Lyric Pieces, Op. 43 - V. Erotic",OnClassical,http://www.jamendo.com/track/1169731,CC BY-NC-SA,a Creative Commons Attribution-Non-Commercial-Share-Alike license,http://creativecommons.org/licenses/by-nc-sa/3.0/,True,True,False,True
250,1116406,06/1116406.mp3,Letter from My Heart,Udo Vismann,http://www.jamendo.com/track/1116406,CC BY-NC-SA,a Creative Commons Attribution-Non-Commercial-Share-Alike license,http://creativecommons.org/licenses/by-nc-sa/3.0/,True,True,False,True
251,337825,25/337825.mp3,Simplicity,Mark.Nine,http://www.jamendo.com/track/337825,CC BY-SA,a Creative Commons Attribution-Share-Alike license,http://creativecommons.org/licenses/by-sa/3.0/,False,True,False,True
252,1267343,43/1267343.mp3,Mutineers,Melting Batteries,http://www.jamendo.com/track/1267343,CC BY,a Creative Commons Attribution license,http://creativecommons.org/licenses/by/3.0/,False,False,False,True
253,212013,13/212013.mp3,yepa,Tet production,http://www.jamendo.com/track/212013,CC BY-SA,a Creative Commons Attribution-Share-Alike license,http://creativecommons.org/licenses/by-sa/3.0/,False,True,False,True
254,354913,13/354913.mp3,INFINITY,JAY MARTINEZ,http://www.jamendo.com/track/354913,CC BY-NC-SA,a Creative Commons Attribution-Non-Commercial-Share-Alike license,http://creativecommons.org/licenses/by-nc-sa/3.0/,True,True,False,True
255,1162034,34/1162034.mp3,"My name is Nova, Bossa Nova",Giorgio Ghiglieri,http://www.jamendo.com/track/1162034,CC BY-NC-SA,a Creative Commons Attribution-Non-Commercial-Share-Alike license,http://creativecommons.org/licenses/by-nc-sa/3.0/,True,True,False,True
256,145964,64/145964.mp3,No Rhyme,Major Major,http://www.jamendo.com/track/145964,CC BY-NC-SA,a Creative Commons Attribution-Non-Commercial-Share-Alike license,http://creativecommons.org/licenses/by-nc-sa/3.0/,True,True,False,True
258,1169730,30/1169730.mp3,"Satie, E.: Gymnopédies - I. Lent et douloureux",OnClassical,http://www.jamendo.com/track/1169730,CC BY-NC-SA,a Creative Commons Attribution-Non-Commercial-Share-Alike license,http://creativecommons.org/licenses/by-nc-sa/3.0/,True,True,False,True
259,1341055,55/1341055.mp3,Mi direccion - Alexis peña feat Lyon Music &amp; DC Juan,Alexis Peña,http://www.jamendo.com/track/1341055,CC BY-NC-SA,a Creative Commons Attribution-Non-Commercial-Share-Alike license,http://creativecommons.org/licenses/by-nc-sa/3.0/,True,True,False,True
261,1245191,91/1245191.mp3,Daydream,Ton in Ton,http://www.jamendo.com/track/1245191,CC BY,a Creative Commons Attribution license,http://creativecommons.org/licenses/by/3.0/,False,False,False,True
262,1121390,90/1121390.mp3,Warmth Inside,-Maze-,http://www.jamendo.com/track/1121390,CC BY-NC-SA,a Creative Commons Attribution-Non-Commercial-Share-Alike license,http://creativecommons.org/licenses/by-nc-sa/3.0/,True,True,False,True
263,296236,36/296236.mp3,August,Pianochocolate,http://www.jamendo.com/track/296236,CC BY-NC-SA,a Creative Commons Attribution-Non-Commercial-Share-Alike license,http://creativecommons.org/licenses/by-nc-sa/3.0/,True,True,False,True
264,425761,61/425761.mp3,City feat. Katerina Gorban (Full Version),Pianochocolate,http://www.jamendo.com/track/425761,CC BY-NC-SA,a Creative Commons Attribution-Non-Commercial-Share-Alike license,http://creativecommons.org/licenses/by-nc-sa/3.0/,True,True,False,True
265,1357005,05/1357005.mp3,Out Of My Time,The Vow,http://www.jamendo.com/track/1357005,CC BY-NC-SA,a Creative Commons Attribution-Non-Commercial-Share-Alike license,http://creativecommons.org/licenses/by-nc-sa/3.0/,True,True,False,True
267,1162021,21/1162021.mp3,New Horizons,STEEP,http://www.jamendo.com/track/1162021,CC BY-NC-SA,a Creative Commons Attribution-Non-Commercial-Share-Alike license,http://creativecommons.org/licenses/by-nc-sa/3.0/,True,True,False,True
268,1336429,29/1336429.mp3,Vibrations,Index,http://www.jamendo.com/track/1336429,CC BY-SA,a Creative Commons Attribution-Share-Alike license,http://creativecommons.org/licenses/by-sa/3.0/,False,True,False,True
269,686755,55/686755.mp3,Valses en salve,Jazzymuté,http://www.jamendo.com/track/686755,CC BY-NC-SA,a Creative Commons Attribution-Non-Commercial-Share-Alike license,http://creativecommons.org/licenses/by-nc-sa/2.0/fr/,True,True,False,True
270,786935,35/786935.mp3,FEELS LIKE RAIN,Freeky Cleen & Dickey F,http://www.jamendo.com/track/786935,CC BY-SA,a Creative Commons Attribution-Share-Alike license,http://creativecommons.org/licenses/by-sa/3.0/,False,True,False,True
271,786939,39/786939.mp3,WALKING CANE,Freeky Cleen & Dickey F,http://www.jamendo.com/track/786939,CC BY-SA,a Creative Commons Attribution-Share-Alike license,http://creativecommons.org/licenses/by-sa/3.0/,False,True,False,True
273,145969,69/145969.mp3,Everybody Wants To,Major Major,http://www.jamendo.com/track/145969,CC BY-NC-SA,a Creative Commons Attribution-Non-Commercial-Share-Alike license,http://creativecommons.org/licenses/by-nc-sa/3.0/,True,True,False,True
275,938052,52/938052.mp3,Morve rose INSTRUMENTAL VERSION,Löhstana David,http://www.jamendo.com/track/938052,CC BY-SA,a Creative Commons Attribution-Share-Alike license,http://creativecommons.org/licenses/by-sa/3.0/,False,True,False,True
276,172021,21/172021.mp3,Whatcha Wanna Do,Jonay,http://www.jamendo.com/track/172021,CC BY,a Creative Commons Attribution license,http://creativecommons.org/licenses/by/2.5/se/,False,False,False,True
279,873819,19/873819.mp3,Tout est relatif,Löhstana David,http://www.jamendo.com/track/873819,CC BY,a Creative Commons Attribution license,http://creativecommons.org/licenses/by/3.0/,False,False,False,True
280,461544,44/461544.mp3,Going West,Crete Boom,http://www.jamendo.com/track/461544,CC BY-NC-SA,a Creative Commons Attribution-Non-Commercial-Share-Alike license,http://creativecommons.org/licenses/by-nc-sa/3.0/,True,True,False,True
281,190871,71/190871.mp3,Tons Of Paper by The Crime Lords,Cartel,http://www.jamendo.com/track/190871,CC BY-SA,a Creative Commons Attribution-Share-Alike license,http://creativecommons.org/licenses/by-sa/3.0/,False,True,False,True
283,1245183,83/1245183.mp3,Under The Stars,Ton in Ton,http://www.jamendo.com/track/1245183,CC BY,a Creative Commons Attribution license,http://creativecommons.org/licenses/by/3.0/,False,False,False,True
284,376422,22/376422.mp3,Lost in the Fog ,DANIEL H,http://www.jamendo.com/track/376422,CC BY-NC-SA,a Creative Commons Attribution-Non-Commercial-Share-Alike license,http://creativecommons.org/licenses/by-nc-sa/2.0/fr/,True,True,False,True
285,276988,88/276988.mp3,The Junkie Violin Player,Tabloid,http://www.jamendo.com/track/276988,CC BY-SA,a Creative Commons Attribution-Share-Alike license,http://creativecommons.org/licenses/by-sa/2.0/uk/,False,True,False,True
286,1078392,92/1078392.mp3,Circle of Sea,The Dada Weatherman,http://www.jamendo.com/track/1078392,CC BY-SA,a Creative Commons Attribution-Share-Alike license,http://creativecommons.org/licenses/by-sa/3.0/,False,True,False,True
287,285504,04/285504.mp3,Quintet Op. 111 - 4. Vivace ma non troppo presto,Materassi Ensemble,http://www.jamendo.com/track/285504,CC BY-NC-SA,a Creative Commons Attribution-Non-Commercial-Share-Alike license,http://creativecommons.org/licenses/by-nc-sa/3.0/,True,True,False,True
288,24837,37/24837.mp3,Illusions - version pizzicato,Real Rice,http://www.jamendo.com/track/24837,CC BY-NC-SA,a Creative Commons Attribution-Non-Commercial-Share-Alike license,http://creativecommons.org/licenses/by-nc-sa/3.0/,True,True,False,True
289,1156051,51/1156051.mp3,"Cricket Hymn, Pt. I",Townhouse Woods,http://www.jamendo.com/track/1156051,CC BY-NC-SA,a Creative Commons Attribution-Non-Commercial-Share-Alike license,http://creativecommons.org/licenses/by-nc-sa/3.0/,True,True,False,True
290,1033252,52/1033252.mp3,I Know,Bayard Russell,http://www.jamendo.com/track/1033252,CC BY-SA,a Creative Commons Attribution-Share-Alike license,http://creativecommons.org/licenses/by-sa/3.0/,False,True,False,True
291,865116,16/865116.mp3,Funeral day,Julien Allioux,http://www.jamendo.com/track/865116,CC BY-SA,a Creative Commons Attribution-Share-Alike license,http://creativecommons.org/licenses/by-sa/3.0/,False,True,False,True
292,108303,03/108303.mp3,Behind the line,Screw-Jay,http://www.jamendo.com/track/108303,CC BY-SA,a Creative Commons Attribution-Share-Alike license,http://creativecommons.org/licenses/by-sa/3.0/,False,True,False,True
294,95581,81/95581.mp3,A lo largo,Renich,http://www.jamendo.com/track/95581,CC BY-SA,a Creative Commons Attribution-Share-Alike license,http://creativecommons.org/licenses/by-sa/3.0/,False,True,False,True
295,357361,61/357361.mp3,Dura Dura,ProyectoT,http://www.jamendo.com/track/357361,CC BY-SA,a Creative Commons Attribution-Share-Alike license,http://creativecommons.org/licenses/by-sa/3.0/,False,True,False,True
297,1156053,53/1156053.mp3,Andy,Townhouse Woods,http://www.jamendo.com/track/1156053,CC BY-NC-SA,a Creative Commons Attribution-Non-Commercial-Share-Alike license,http://creativecommons.org/licenses/by-nc-sa/3.0/,True,True,False,True
299,285383,83/285383.mp3,Quintet Op. 88 - 2. Grave ed appassionato - Allegretto vivace - Tempo I - Presto - Tempo I ,Materassi Ensemble,http://www.jamendo.com/track/285383,CC BY-NC-SA,a Creative Commons Attribution-Non-Commercial-Share-Alike license,http://creativecommons.org/licenses/by-nc-sa/3.0/,True,True,False,True
300,976784,84/976784.mp3,Dancing on the Moon,Disconauts Music Production,http://www.jamendo.com/track/976784,CC BY-NC-SA,a Creative Commons Attribution-Non-Commercial-Share-Alike license,http://creativecommons.org/licenses/by-nc-sa/3.0/,True,True,False,True
301,415083,83/415083.mp3,Aeropuerto,LA OLLA EXPRESS,http://www.jamendo.com/track/415083,CC BY-NC-SA,a Creative Commons Attribution-Non-Commercial-Share-Alike license,http://creativecommons.org/licenses/by-nc-sa/3.0/,True,True,False,True
302,402055,55/402055.mp3,Sentimental,Celestial Aeon Project,http://www.jamendo.com/track/402055,CC BY-NC-SA,a Creative Commons Attribution-Non-Commercial-Share-Alike license,http://creativecommons.org/licenses/by-nc-sa/3.0/,True,True,False,True
303,172017,17/172017.mp3,Fly Away,Jonay,http://www.jamendo.com/track/172017,CC BY,a Creative Commons Attribution license,http://creativecommons.org/licenses/by/2.5/se/,False,False,False,True
304,938293,93/938293.mp3,Скитуля Нумбер Ту,KAMENOLOM,http://www.jamendo.com/track/938293,CC BY,a Creative Commons Attribution license,http://creativecommons.org/licenses/by/3.0/,False,False,False,True
305,1113971,71/1113971.mp3,Serenity,-Maze-,http://www.jamendo.com/track/1113971,CC BY-NC-SA,a Creative Commons Attribution-Non-Commercial-Share-Alike license,http://creativecommons.org/licenses/by-nc-sa/3.0/,True,True,False,True
306,172015,15/172015.mp3,Bad As Jonay,Jonay,http://www.jamendo.com/track/172015,CC BY,a Creative Commons Attribution license,http://creativecommons.org/licenses/by/2.5/se/,False,False,False,True
307,437793,93/437793.mp3,Zoning_m,entheos,http://www.jamendo.com/track/437793,CC BY-NC-SA,a Creative Commons Attribution-Non-Commercial-Share-Alike license,http://creativecommons.org/licenses/by-nc-sa/3.0/,True,True,False,True
308,134057,57/134057.mp3,la route(sax),Tet production,http://www.jamendo.com/track/134057,CC BY-NC-SA,a Creative Commons Attribution-Non-Commercial-Share-Alike license,http://creativecommons.org/licenses/by-nc-sa/2.0/fr/,True,True,False,True
309,1350313,13/1350313.mp3,Folk Festival,FiluAndDina,http://www.jamendo.com/track/1350313,CC BY-NC,a Creative Commons Attribution-Non-Commercial license,http://creativecommons.org/licenses/by-nc/3.0/,True,False,False,True
310,25379,79/25379.mp3,Sentimental,Celestial Aeon Project,http://www.jamendo.com/track/25379,CC BY-NC-SA,a Creative Commons Attribution-Non-Commercial-Share-Alike license,http://creativecommons.org/licenses/by-nc-sa/2.5/,True,True,False,True
311,357330,30/357330.mp3,No Me Digas Que No,ProyectoT,http://www.jamendo.com/track/357330,CC BY-SA,a Creative Commons Attribution-Share-Alike license,http://creativecommons.org/licenses/by-sa/3.0/,False,True,False,True
312,304773,73/304773.mp3,Hasta Cuando,Erizo,http://www.jamendo.com/track/304773,CC BY-SA,a Creative Commons Attribution-Share-Alike license,http://creativecommons.org/licenses/by-sa/3.0/,False,True,False,True
313,344328,28/344328.mp3,Sleepy Teddy Bear,Alexander Stamenkovic,http://www.jamendo.com/track/344328,CC BY-SA,a Creative Commons Attribution-Share-Alike license,http://creativecommons.org/licenses/by-sa/3.0/,False,True,False,True
314,1350957,57/1350957.mp3,Kids,FiluAndDina,http://www.jamendo.com/track/1350957,CC BY-NC,a Creative Commons Attribution-Non-Commercial license,http://creativecommons.org/licenses/by-nc/3.0/,True,False,False,True
316,941154,54/941154.mp3,Undercover Man,The Dada Weatherman,http://www.jamendo.com/track/941154,CC BY-SA,a Creative Commons Attribution-Share-Alike license,http://creativecommons.org/licenses/by-sa/3.0/,False,True,False,True
317,437791,91/437791.mp3,Soul Kiss,entheos,http://www.jamendo.com/track/437791,CC BY-NC-SA,a Creative Commons Attribution-Non-Commercial-Share-Alike license,http://creativecommons.org/licenses/by-nc-sa/3.0/,True,True,False,True
318,1315725,25/1315725.mp3,07_FrenchLAB_Reverie,FrenchLAB (French Laboratory Of),http://www.jamendo.com/track/1315725,CC BY-NC-SA,a Creative Commons Attribution-Non-Commercial-Share-Alike license,http://creativecommons.org/licenses/by-nc-sa/3.0/,True,True,False,True
319,135660,60/135660.mp3,Over Me,Jemex,http://www.jamendo.com/track/135660,CC BY-SA,a Creative Commons Attribution-Share-Alike license,http://creativecommons.org/licenses/by-sa/3.0/,False,True,False,True
320,509068,68/509068.mp3,Init,Jahzzar,http://www.jamendo.com/track/509068,CC BY-SA,a Creative Commons Attribution-Share-Alike license,http://creativecommons.org/licenses/by-sa/3.0/,False,True,False,True
321,83867,67/83867.mp3,Andorinha,Kalliopi,http://www.jamendo.com/track/83867,CC BY-NC-SA,a Creative Commons Attribution-Non-Commercial-Share-Alike license,http://creativecommons.org/licenses/by-nc-sa/2.0/at/,True,True,False,True
322,6008,08/6008.mp3,Earthmen,ZAMALA,http://www.jamendo.com/track/6008,CC BY,a Creative Commons Attribution license,http://creativecommons.org/licenses/by/2.0/fr/,False,False,False,True
324,1313073,73/1313073.mp3,A Beautiful Day,Esther Garcia,http://www.jamendo.com/track/1313073,CC BY-NC-SA,a Creative Commons Attribution-Non-Commercial-Share-Alike license,http://creativecommons.org/licenses/by-nc-sa/3.0/,True,True,False,True
327,1067070,70/1067070.mp3,Атомное Сердце,Radio Noiseville,http://www.jamendo.com/track/1067070,CC BY-SA,a Creative Commons Attribution-Share-Alike license,http://creativecommons.org/licenses/by-sa/3.0/,False,True,False,True
328,226,26/226.mp3,JLP vs momomatic,David TMX,http://www.jamendo.com/track/226,CC BY-NC-SA,a Creative Commons Attribution-Non-Commercial-Share-Alike license,http://creativecommons.org/licenses/by-nc-sa/2.0/,True,True,False,True
330,1063454,54/1063454.mp3,Wedding Song,Mike Allen,http://www.jamendo.com/track/1063454,CC BY-NC-SA,a Creative Commons Attribution-Non-Commercial-Share-Alike license,http://creativecommons.org/licenses/by-nc-sa/3.0/,True,True,False,True
332,172031,31/172031.mp3,For Your Love (feat. Rashani),Jonay,http://www.jamendo.com/track/172031,CC BY,a Creative Commons Attribution license,http://creativecommons.org/licenses/by/2.5/se/,False,False,False,True
335,1108553,53/1108553.mp3,Intro,Xytum,http://www.jamendo.com/track/1108553,CC BY-NC-SA,a Creative Commons Attribution-Non-Commercial-Share-Alike license,http://creativecommons.org/licenses/by-nc-sa/3.0/,True,True,False,True
336,271119,19/271119.mp3,Sonetto 47 del Petrarca,Roberto Poli,http://www.jamendo.com/track/271119,CC BY-NC-SA,a Creative Commons Attribution-Non-Commercial-Share-Alike license,http://creativecommons.org/licenses/by-nc-sa/3.0/,True,True,False,True
337,1176656,56/1176656.mp3,Oceans,Evgeny Teilor,http://www.jamendo.com/track/1176656,CC BY,a Creative Commons Attribution license,http://creativecommons.org/licenses/by/3.0/,False,False,False,True
338,7248,48/7248.mp3,Atmospheric,FrenchLAB (French Laboratory Of),http://www.jamendo.com/track/7248,CC BY-SA,a Creative Commons Attribution-Share-Alike license,http://creativecommons.org/licenses/by-sa/3.0/,False,True,False,True
339,1166070,70/1166070.mp3,Day Before Christmas,Alexandr Ossipov production music,http://www.jamendo.com/track/1166070,CC BY-SA,a Creative Commons Attribution-Share-Alike license,http://creativecommons.org/licenses/by-sa/3.0/,False,True,False,True
340,188296,96/188296.mp3,Fünf Freunde - Embezzled,Fünf Freunde,http://www.jamendo.com/track/188296,CC BY-NC-SA,a Creative Commons Attribution-Non-Commercial-Share-Alike license,http://creativecommons.org/licenses/by-nc-sa/2.0/de/,True,True,False,True
342,1162101,01/1162101.mp3,Crossing the Universe,Esther Garcia,http://www.jamendo.com/track/1162101,CC BY-NC-SA,a Creative Commons Attribution-Non-Commercial-Share-Alike license,http://creativecommons.org/licenses/by-nc-sa/3.0/,True,True,False,True
343,1051197,97/1051197.mp3,Yosemite,Jill Zimmerman,http://www.jamendo.com/track/1051197,CC BY-NC-SA,a Creative Commons Attribution-Non-Commercial-Share-Alike license,http://creativecommons.org/licenses/by-nc-sa/3.0/,True,True,False,True
344,89805,05/89805.mp3,another day,king before daylight,http://www.jamendo.com/track/89805,CC BY-NC-SA,a Creative Commons Attribution-Non-Commercial-Share-Alike license,http://creativecommons.org/licenses/by-nc-sa/3.0/,True,True,False,True
345,632094,94/632094.mp3,Dancing Santa,Alexandr Ossipov production music,http://www.jamendo.com/track/632094,CC BY-SA,a Creative Commons Attribution-Share-Alike license,http://creativecommons.org/licenses/by-sa/3.0/,False,True,False,True
349,1187978,78/1187978.mp3,Chikki Boom,Anny Sky,http://www.jamendo.com/track/1187978,CC BY-NC-SA,a Creative Commons Attribution-Non-Commercial-Share-Alike license,http://creativecommons.org/licenses/by-nc-sa/3.0/,True,True,False,True
350,1221997,97/1221997.mp3,Ancient Forest,Esther Garcia,http://www.jamendo.com/track/1221997,CC BY-NC-SA,a Creative Commons Attribution-Non-Commercial-Share-Alike license,http://creativecommons.org/licenses/by-nc-sa/3.0/,True,True,False,True
355,1063331,31/1063331.mp3,Xanadu,Mike Allen,http://www.jamendo.com/track/1063331,CC BY-NC-SA,a Creative Commons Attribution-Non-Commercial-Share-Alike license,http://creativecommons.org/licenses/by-nc-sa/3.0/,True,True,False,True
356,1242780,80/1242780.mp3,A Drop In the Ocean,DJ Gami.K,http://www.jamendo.com/track/1242780,CC BY-NC-SA,a Creative Commons Attribution-Non-Commercial-Share-Alike license,http://creativecommons.org/licenses/by-nc-sa/3.0/,True,True,False,True
358,1151409,09/1151409.mp3,Sweet Dreams,Esther Garcia,http://www.jamendo.com/track/1151409,CC BY-NC-SA,a Creative Commons Attribution-Non-Commercial-Share-Alike license,http://creativecommons.org/licenses/by-nc-sa/3.0/,True,True,False,True
359,1134446,46/1134446.mp3,Without You,MegaEnx,http://www.jamendo.com/track/1134446,CC BY-SA,a Creative Commons Attribution-Share-Alike license,http://creativecommons.org/licenses/by-sa/3.0/,False,True,False,True
360,415050,50/415050.mp3,La Batalla,LA OLLA EXPRESS,http://www.jamendo.com/track/415050,CC BY-NC-SA,a Creative Commons Attribution-Non-Commercial-Share-Alike license,http://creativecommons.org/licenses/by-nc-sa/3.0/,True,True,False,True
361,1066198,98/1066198.mp3,Romantic Samba,Udo Vismann,http://www.jamendo.com/track/1066198,CC BY-NC-SA,a Creative Commons Attribution-Non-Commercial-Share-Alike license,http://creativecommons.org/licenses/by-nc-sa/3.0/,True,True,False,True
362,1350853,53/1350853.mp3,duduk drone,Tet production,http://www.jamendo.com/track/1350853,CC BY-SA,a Creative Commons Attribution-Share-Alike license,http://creativecommons.org/licenses/by-sa/3.0/,False,True,False,True
363,1089085,85/1089085.mp3,The Hidden Door,Esther Garcia,http://www.jamendo.com/track/1089085,CC BY-NC-SA,a Creative Commons Attribution-Non-Commercial-Share-Alike license,http://creativecommons.org/licenses/by-nc-sa/3.0/,True,True,False,True
364,818610,10/818610.mp3,March,Celestial Aeon Project,http://www.jamendo.com/track/818610,CC BY-NC-SA,a Creative Commons Attribution-Non-Commercial-Share-Alike license,http://creativecommons.org/licenses/by-nc-sa/3.0/,True,True,False,True
367,357210,10/357210.mp3,Si Te Arrepentiste,ProyectoT,http://www.jamendo.com/track/357210,CC BY-SA,a Creative Commons Attribution-Share-Alike license,http://creativecommons.org/licenses/by-sa/3.0/,False,True,False,True
368,257059,59/257059.mp3,Gracias,Sikior,http://www.jamendo.com/track/257059,CC BY,a Creative Commons Attribution license,http://creativecommons.org/licenses/by/2.5/pe/,False,False,False,True
369,1051198,98/1051198.mp3,Tunnel Vision,Jill Zimmerman,http://www.jamendo.com/track/1051198,CC BY-NC-SA,a Creative Commons Attribution-Non-Commercial-Share-Alike license,http://creativecommons.org/licenses/by-nc-sa/3.0/,True,True,False,True
370,981782,82/981782.mp3,Pour Noel,Löhstana David,http://www.jamendo.com/track/981782,CC BY-SA,a Creative Commons Attribution-Share-Alike license,http://creativecommons.org/licenses/by-sa/3.0/,False,True,False,True
371,461014,14/461014.mp3,Meditative,Oleg Serkov,http://www.jamendo.com/track/461014,CC BY-NC-SA,a Creative Commons Attribution-Non-Commercial-Share-Alike license,http://creativecommons.org/licenses/by-nc-sa/3.0/,True,True,False,True
372,124358,58/124358.mp3,2 percenter,Williamson,http://www.jamendo.com/track/124358,CC BY-SA,a Creative Commons Attribution-Share-Alike license,http://creativecommons.org/licenses/by-sa/3.0/,False,True,False,True
374,1169729,29/1169729.mp3,"Chopin, F.: Étude Op. 10, No. 3, 'Tristesse'",OnClassical,http://www.jamendo.com/track/1169729,CC BY-NC-SA,a Creative Commons Attribution-Non-Commercial-Share-Alike license,http://creativecommons.org/licenses/by-nc-sa/3.0/,True,True,False,True
375,208938,38/208938.mp3,Cassendra,DANIEL H,http://www.jamendo.com/track/208938,CC BY-NC-SA,a Creative Commons Attribution-Non-Commercial-Share-Alike license,http://creativecommons.org/licenses/by-nc-sa/2.0/fr/,True,True,False,True
376,1356312,12/1356312.mp3,And I Know,The Vow,http://www.jamendo.com/track/1356312,CC BY-NC-SA,a Creative Commons Attribution-Non-Commercial-Share-Alike license,http://creativecommons.org/licenses/by-nc-sa/3.0/,True,True,False,True
378,6007,07/6007.mp3,25 Bombes,ZAMALA,http://www.jamendo.com/track/6007,CC BY,a Creative Commons Attribution license,http://creativecommons.org/licenses/by/2.0/fr/,False,False,False,True
380,1162014,14/1162014.mp3,It Could Be You,STEEP,http://www.jamendo.com/track/1162014,CC BY-NC-SA,a Creative Commons Attribution-Non-Commercial-Share-Alike license,http://creativecommons.org/licenses/by-nc-sa/3.0/,True,True,False,True
381,617335,35/617335.mp3,Les Kings de ce Royaume (feat. Jah Children),DON VALDES,http://www.jamendo.com/track/617335,CC BY-SA,a Creative Commons Attribution-Share-Alike license,http://creativecommons.org/licenses/by-sa/2.0/fr/,False,True,False,True
382,246601,01/246601.mp3,Canone,Fabio Confalone,http://www.jamendo.com/track/246601,CC BY-NC-SA,a Creative Commons Attribution-Non-Commercial-Share-Alike license,http://creativecommons.org/licenses/by-nc-sa/3.0/,True,True,False,True
383,1179160,60/1179160.mp3,19 Ways to Travel Around the World,Esther Garcia,http://www.jamendo.com/track/1179160,CC BY-NC,a Creative Commons Attribution-Non-Commercial license,http://creativecommons.org/licenses/by-nc/3.0/,True,False,False,True
384,945195,95/945195.mp3,Stone,Disconauts Music Production,http://www.jamendo.com/track/945195,CC BY-NC-SA,a Creative Commons Attribution-Non-Commercial-Share-Alike license,http://creativecommons.org/licenses/by-nc-sa/3.0/,True,True,False,True
386,103892,92/103892.mp3,Sunday Evening,Jampy,http://www.jamendo.com/track/103892,CC BY-NC-SA,a Creative Commons Attribution-Non-Commercial-Share-Alike license,http://creativecommons.org/licenses/by-nc-sa/3.0/,True,True,False,True
388,409692,92/409692.mp3,v-ESTIVO,Giulio Bradamante,http://www.jamendo.com/track/409692,CC BY-NC-SA,a Creative Commons Attribution-Non-Commercial-Share-Alike license,http://creativecommons.org/licenses/by-nc-sa/2.5/it/,True,True,False,True
389,24838,38/24838.mp3,Pagode onirique,Real Rice,http://www.jamendo.com/track/24838,CC BY-NC-SA,a Creative Commons Attribution-Non-Commercial-Share-Alike license,http://creativecommons.org/licenses/by-nc-sa/3.0/,True,True,False,True
390,181523,23/181523.mp3,Heritage,-Maze-,http://www.jamendo.com/track/181523,CC BY-NC-SA,a Creative Commons Attribution-Non-Commercial-Share-Alike license,http://creativecommons.org/licenses/by-nc-sa/3.0/,True,True,False,True
391,1151403,03/1151403.mp3,Raindrops,Esther Garcia,http://www.jamendo.com/track/1151403,CC BY-NC-SA,a Creative Commons Attribution-Non-Commercial-Share-Alike license,http://creativecommons.org/licenses/by-nc-sa/3.0/,True,True,False,True
392,461018,18/461018.mp3,I still remember...,Oleg Serkov,http://www.jamendo.com/track/461018,CC BY-NC-SA,a Creative Commons Attribution-Non-Commercial-Share-Alike license,http://creativecommons.org/licenses/by-nc-sa/3.0/,True,True,False,True
393,376419,19/376419.mp3,To you my Love ,DANIEL H,http://www.jamendo.com/track/376419,CC BY-NC-SA,a Creative Commons Attribution-Non-Commercial-Share-Alike license,http://creativecommons.org/licenses/by-nc-sa/2.0/fr/,True,True,False,True
395,880702,02/880702.mp3,Behold the Face,Exalted Dirt,http://www.jamendo.com/track/880702,CC BY-SA,a Creative Commons Attribution-Share-Alike license,http://creativecommons.org/licenses/by-sa/3.0/,False,True,False,True
401,1169714,14/1169714.mp3,"Chopin, F.: 24 Preludes, Op. 28 - XV. Sostenuto in D-flat Major, 'Raindrop'",OnClassical,http://www.jamendo.com/track/1169714,CC BY-NC-SA,a Creative Commons Attribution-Non-Commercial-Share-Alike license,http://creativecommons.org/licenses/by-nc-sa/3.0/,True,True,False,True
402,1051193,93/1051193.mp3,Stranger,Jill Zimmerman,http://www.jamendo.com/track/1051193,CC BY-NC-SA,a Creative Commons Attribution-Non-Commercial-Share-Alike license,http://creativecommons.org/licenses/by-nc-sa/3.0/,True,True,False,True
403,1336413,13/1336413.mp3,Don't stop the music,Index,http://www.jamendo.com/track/1336413,CC BY-SA,a Creative Commons Attribution-Share-Alike license,http://creativecommons.org/licenses/by-sa/3.0/,False,True,False,True
404,354778,78/354778.mp3,Skydiving (feat. Jasmine Kara),Jonay,http://www.jamendo.com/track/354778,CC BY-SA,a Creative Commons Attribution-Share-Alike license,http://creativecommons.org/licenses/by-sa/3.0/,False,True,False,True
405,242349,49/242349.mp3,Melancholy for Eternity,The Dada Weatherman,http://www.jamendo.com/track/242349,CC BY-SA,a Creative Commons Attribution-Share-Alike license,http://creativecommons.org/licenses/by-sa/3.0/,False,True,False,True
407,1356871,71/1356871.mp3,No Sensation,The Vow,http://www.jamendo.com/track/1356871,CC BY-NC-SA,a Creative Commons Attribution-Non-Commercial-Share-Alike license,http://creativecommons.org/licenses/by-nc-sa/3.0/,True,True,False,True
409,7247,47/7247.mp3,Rêves About U,FrenchLAB (French Laboratory Of),http://www.jamendo.com/track/7247,CC BY-SA,a Creative Commons Attribution-Share-Alike license,http://creativecommons.org/licenses/by-sa/3.0/,False,True,False,True
412,347879,79/347879.mp3,One Time,Lorenzo's Music,http://www.jamendo.com/track/347879,CC BY-SA,a Creative Commons Attribution-Share-Alike license,http://creativecommons.org/licenses/by-sa/3.0/,False,True,False,True
413,907121,21/907121.mp3,Юлия Гридасова - Записки памяти,Evgeny Emelyanov,http://www.jamendo.com/track/907121,CC BY-NC-SA,a Creative Commons Attribution-Non-Commercial-Share-Alike license,http://creativecommons.org/licenses/by-nc-sa/3.0/,True,True,False,True
414,135661,61/135661.mp3,El Fin (ft. Derrius Dean),Jemex,http://www.jamendo.com/track/135661,CC BY-SA,a Creative Commons Attribution-Share-Alike license,http://creativecommons.org/licenses/by-sa/3.0/,False,True,False,True
417,1169710,10/1169710.mp3,"Ravel, M.: Pavane pour un infante defunte, M. 19",OnClassical,http://www.jamendo.com/track/1169710,CC BY-NC-SA,a Creative Commons Attribution-Non-Commercial-Share-Alike license,http://creativecommons.org/licenses/by-nc-sa/3.0/,True,True,False,True
421,938065,65/938065.mp3,A la fin INSTRUMENTAL VERSION,Löhstana David,http://www.jamendo.com/track/938065,CC BY-SA,a Creative Commons Attribution-Share-Alike license,http://creativecommons.org/licenses/by-sa/3.0/,False,True,False,True
423,1178762,62/1178762.mp3,Fuck U ft. Be-Ezy,Rawboss,http://www.jamendo.com/track/1178762,CC BY,a Creative Commons Attribution license,http://creativecommons.org/licenses/by/3.0/,False,False,False,True
424,12305,05/12305.mp3,Sweet swing,Trafic de Blues,http://www.jamendo.com/track/12305,CC BY-NC-SA,a Creative Commons Attribution-Non-Commercial-Share-Alike license,http://creativecommons.org/licenses/by-nc-sa/2.5/,True,True,False,True
425,76656,56/76656.mp3,La rupture,Löhstana David,http://www.jamendo.com/track/76656,CC BY-SA,a Creative Commons Attribution-Share-Alike license,http://creativecommons.org/licenses/by-sa/2.0/fr/,False,True,False,True
426,323090,90/323090.mp3,Put up a resistance,Crete Boom,http://www.jamendo.com/track/323090,CC BY-NC-SA,a Creative Commons Attribution-Non-Commercial-Share-Alike license,http://creativecommons.org/licenses/by-nc-sa/3.0/,True,True,False,True
427,12303,03/12303.mp3,Tribute to the kings,Trafic de Blues,http://www.jamendo.com/track/12303,CC BY-NC-SA,a Creative Commons Attribution-Non-Commercial-Share-Alike license,http://creativecommons.org/licenses/by-nc-sa/2.5/,True,True,False,True
428,190781,81/190781.mp3,Cameron ,Gustavo Crochenci,http://www.jamendo.com/track/190781,CC BY-NC-SA,a Creative Commons Attribution-Non-Commercial-Share-Alike license,http://creativecommons.org/licenses/by-nc-sa/3.0/,True,True,False,True
431,617330,30/617330.mp3,I Love Reggae,DON VALDES,http://www.jamendo.com/track/617330,CC BY-SA,a Creative Commons Attribution-Share-Alike license,http://creativecommons.org/licenses/by-sa/2.0/fr/,False,True,False,True
433,1357128,28/1357128.mp3,Back To Monday,The Vow,http://www.jamendo.com/track/1357128,CC BY-NC-SA,a Creative Commons Attribution-Non-Commercial-Share-Alike license,http://creativecommons.org/licenses/by-nc-sa/3.0/,True,True,False,True
435,39102,02/39102.mp3,mes voisins,David TMX,http://www.jamendo.com/track/39102,CC BY-NC,a Creative Commons Attribution-Non-Commercial license,http://creativecommons.org/licenses/by-nc/3.0/,True,False,False,True
438,43886,86/43886.mp3,Let Me Go,STEEP,http://www.jamendo.com/track/43886,CC BY-SA,a Creative Commons Attribution-Share-Alike license,http://creativecommons.org/licenses/by-sa/3.0/,False,True,False,True
439,373229,29/373229.mp3,To ride,El Paso Killers,http://www.jamendo.com/track/373229,CC BY-SA,a Creative Commons Attribution-Share-Alike license,http://creativecommons.org/licenses/by-sa/2.5/es/,False,True,False,True
440,1136142,42/1136142.mp3,No Ska Today,Skabrot,http://www.jamendo.com/track/1136142,CC BY-NC-SA,a Creative Commons Attribution-Non-Commercial-Share-Alike license,http://creativecommons.org/licenses/by-nc-sa/2.0/de/,True,True,False,True
441,5345,45/5345.mp3,Particule,Silence,http://www.jamendo.com/track/5345,Free Art License,License Art Libre,http://artlibre.org/licence/lal/,False,True,False,True
442,397582,82/397582.mp3,obertura ,Lulo,http://www.jamendo.com/track/397582,CC BY-SA,a Creative Commons Attribution-Share-Alike license,http://creativecommons.org/licenses/by-sa/3.0/,False,True,False,True
443,882462,62/882462.mp3,If My Soul,Freeky Cleen & Dickey F,http://www.jamendo.com/track/882462,CC BY-SA,a Creative Commons Attribution-Share-Alike license,http://creativecommons.org/licenses/by-sa/3.0/,False,True,False,True
445,344326,26/344326.mp3,Sweet lullaby,Alexander Stamenkovic,http://www.jamendo.com/track/344326,CC BY-SA,a Creative Commons Attribution-Share-Alike license,http://creativecommons.org/licenses/by-sa/3.0/,False,True,False,True
447,415208,08/415208.mp3,La Olla Express,LA OLLA EXPRESS,http://www.jamendo.com/track/415208,CC BY-NC-SA,a Creative Commons Attribution-Non-Commercial-Share-Alike license,http://creativecommons.org/licenses/by-nc-sa/3.0/,True,True,False,True
448,1347915,15/1347915.mp3,Medieval Folk Dance - Short Version,FiluAndDina,http://www.jamendo.com/track/1347915,CC BY-NC,a Creative Commons Attribution-Non-Commercial license,http://creativecommons.org/licenses/by-nc/3.0/,True,False,False,True
449,1153922,22/1153922.mp3,Smile for me,Esther Garcia,http://www.jamendo.com/track/1153922,CC BY-NC-SA,a Creative Commons Attribution-Non-Commercial-Share-Alike license,http://creativecommons.org/licenses/by-nc-sa/3.0/,True,True,False,True
451,1357117,17/1357117.mp3,Holy Roller,The Vow,http://www.jamendo.com/track/1357117,CC BY-NC-SA,a Creative Commons Attribution-Non-Commercial-Share-Alike license,http://creativecommons.org/licenses/by-nc-sa/3.0/,True,True,False,True
452,5339,39/5339.mp3,Cellule,Silence,http://www.jamendo.com/track/5339,Free Art License,License Art Libre,http://artlibre.org/licence/lal/,False,True,False,True
454,1320571,71/1320571.mp3,I Cant See You For The Coils,The Man In Washington,http://www.jamendo.com/track/1320571,CC BY-NC-SA,a Creative Commons Attribution-Non-Commercial-Share-Alike license,http://creativecommons.org/licenses/by-nc-sa/3.0/,True,True,False,True
456,1107251,51/1107251.mp3,On The Beach,Jonay,http://www.jamendo.com/track/1107251,CC BY-NC-SA,a Creative Commons Attribution-Non-Commercial-Share-Alike license,http://creativecommons.org/licenses/by-nc-sa/3.0/,True,True,False,True
457,1156054,54/1156054.mp3,Deerfield Lake,Townhouse Woods,http://www.jamendo.com/track/1156054,CC BY-NC-SA,a Creative Commons Attribution-Non-Commercial-Share-Alike license,http://creativecommons.org/licenses/by-nc-sa/3.0/,True,True,False,True
458,190869,69/190869.mp3,Pourin Moe by The East Side Hustlas,Cartel,http://www.jamendo.com/track/190869,CC BY-SA,a Creative Commons Attribution-Share-Alike license,http://creativecommons.org/licenses/by-sa/3.0/,False,True,False,True
459,371237,37/371237.mp3,comme un mur,David TMX,http://www.jamendo.com/track/371237,CC BY-NC-SA,a Creative Commons Attribution-Non-Commercial-Share-Alike license,http://creativecommons.org/licenses/by-nc-sa/3.0/,True,True,False,True
461,1051195,95/1051195.mp3,One Match,Jill Zimmerman,http://www.jamendo.com/track/1051195,CC BY-NC-SA,a Creative Commons Attribution-Non-Commercial-Share-Alike license,http://creativecommons.org/licenses/by-nc-sa/3.0/,True,True,False,True
463,88214,14/88214.mp3,Noche de San Juan - Final,clbustos,http://www.jamendo.com/track/88214,CC BY-NC-SA,a Creative Commons Attribution-Non-Commercial-Share-Alike license,http://creativecommons.org/licenses/by-nc-sa/2.0/cl/,True,True,False,True
464,727905,05/727905.mp3,Inspiration,Celestial Aeon Project,http://www.jamendo.com/track/727905,CC BY-NC-SA,a Creative Commons Attribution-Non-Commercial-Share-Alike license,http://creativecommons.org/licenses/by-nc-sa/3.0/,True,True,False,True
465,389520,20/389520.mp3,Guitar Mix (Rain),Blik,http://www.jamendo.com/track/389520,CC BY,a Creative Commons Attribution license,http://creativecommons.org/licenses/by/3.0/,False,False,False,True
466,76660,60/76660.mp3,Délirante planète,Löhstana David,http://www.jamendo.com/track/76660,CC BY-SA,a Creative Commons Attribution-Share-Alike license,http://creativecommons.org/licenses/by-sa/2.0/fr/,False,True,False,True
467,785423,23/785423.mp3,Demain je change de vie - INSTRUMENTAL VERSION,Löhstana David,http://www.jamendo.com/track/785423,CC BY-SA,a Creative Commons Attribution-Share-Alike license,http://creativecommons.org/licenses/by-sa/3.0/,False,True,False,True
468,181803,03/181803.mp3,Madame,Löhstana David,http://www.jamendo.com/track/181803,CC BY,a Creative Commons Attribution license,http://creativecommons.org/licenses/by/3.0/,False,False,False,True
469,1014963,63/1014963.mp3,Never We´ll Be In,Sundayers,http://www.jamendo.com/track/1014963,CC BY-NC-SA,a Creative Commons Attribution-Non-Commercial-Share-Alike license,http://creativecommons.org/licenses/by-nc-sa/3.0/,True,True,False,True
470,5341,41/5341.mp3,Stop!,Silence,http://www.jamendo.com/track/5341,Free Art License,License Art Libre,http://artlibre.org/licence/lal/,False,True,False,True
471,6729,29/6729.mp3,When I Was With You,Steven Dunston,http://www.jamendo.com/track/6729,CC BY-NC-SA,a Creative Commons Attribution-Non-Commercial-Share-Alike license,http://creativecommons.org/licenses/by-nc-sa/2.5/,True,True,False,True
472,1281499,99/1281499.mp3,Stroke,Xytum,http://www.jamendo.com/track/1281499,CC BY-NC-SA,a Creative Commons Attribution-Non-Commercial-Share-Alike license,http://creativecommons.org/licenses/by-nc-sa/3.0/,True,True,False,True
473,1122012,12/1122012.mp3,Udo Vismann - Melancholy,Udo Vismann,http://www.jamendo.com/track/1122012,CC BY-NC-SA,a Creative Commons Attribution-Non-Commercial-Share-Alike license,http://creativecommons.org/licenses/by-nc-sa/3.0/,True,True,False,True
474,17176,76/17176.mp3,Requiem pour un wronskien,Real Rice,http://www.jamendo.com/track/17176,CC BY-NC-SA,a Creative Commons Attribution-Non-Commercial-Share-Alike license,http://creativecommons.org/licenses/by-nc-sa/3.0/,True,True,False,True
475,1051207,07/1051207.mp3,No More,Jill Zimmerman,http://www.jamendo.com/track/1051207,CC BY-NC-SA,a Creative Commons Attribution-Non-Commercial-Share-Alike license,http://creativecommons.org/licenses/by-nc-sa/3.0/,True,True,False,True
477,973498,98/973498.mp3,Sky Is Low,Freeky Cleen & Dickey F,http://www.jamendo.com/track/973498,CC BY-SA,a Creative Commons Attribution-Share-Alike license,http://creativecommons.org/licenses/by-sa/3.0/,False,True,False,True
481,1343442,42/1343442.mp3,Nature songs,Airmusic,http://www.jamendo.com/track/1343442,CC BY-NC,a Creative Commons Attribution-Non-Commercial license,http://creativecommons.org/licenses/by-nc/3.0/,True,False,False,True
482,26440,40/26440.mp3,Chase,Celestial Aeon Project,http://www.jamendo.com/track/26440,CC BY-NC-SA,a Creative Commons Attribution-Non-Commercial-Share-Alike license,http://creativecommons.org/licenses/by-nc-sa/2.5/,True,True,False,True
484,1294004,04/1294004.mp3,The Smallest Pepper,Townhouse Woods,http://www.jamendo.com/track/1294004,CC BY-NC-SA,a Creative Commons Attribution-Non-Commercial-Share-Alike license,http://creativecommons.org/licenses/by-nc-sa/3.0/,True,True,False,True
485,244237,37/244237.mp3,Viper's Dream,The Dada Weatherman,http://www.jamendo.com/track/244237,CC BY-SA,a Creative Commons Attribution-Share-Alike license,http://creativecommons.org/licenses/by-sa/3.0/,False,True,False,True
486,642166,66/642166.mp3,Crushed Beneath The Wheels,Icon Girl Pistols,http://www.jamendo.com/track/642166,CC BY-NC-SA,a Creative Commons Attribution-Non-Commercial-Share-Alike license,http://creativecommons.org/licenses/by-nc-sa/3.0/,True,True,False,True
488,11751,51/11751.mp3,Urban,Tom La Meche,http://www.jamendo.com/track/11751,CC BY-NC-SA,a Creative Commons Attribution-Non-Commercial-Share-Alike license,http://creativecommons.org/licenses/by-nc-sa/2.5/,True,True,False,True
489,127590,90/127590.mp3,Liquid Butterfly,Ciruelo Cilíndrico,http://www.jamendo.com/track/127590,CC BY-NC-SA,a Creative Commons Attribution-Non-Commercial-Share-Alike license,http://creativecommons.org/licenses/by-nc-sa/3.0/,True,True,False,True
490,304771,71/304771.mp3,Cumbia Caracol,Erizo,http://www.jamendo.com/track/304771,CC BY-SA,a Creative Commons Attribution-Share-Alike license,http://creativecommons.org/licenses/by-sa/3.0/,False,True,False,True
491,7246,46/7246.mp3,China,FrenchLAB (French Laboratory Of),http://www.jamendo.com/track/7246,CC BY-SA,a Creative Commons Attribution-Share-Alike license,http://creativecommons.org/licenses/by-sa/3.0/,False,True,False,True
493,1070256,56/1070256.mp3,Birthday (Single),Zeffon,http://www.jamendo.com/track/1070256,CC BY-NC-SA,a Creative Commons Attribution-Non-Commercial-Share-Alike license,http://creativecommons.org/licenses/by-nc-sa/3.0/,True,True,False,True
495,6719,19/6719.mp3,Northern Star,Steven Dunston,http://www.jamendo.com/track/6719,CC BY-NC-SA,a Creative Commons Attribution-Non-Commercial-Share-Alike license,http://creativecommons.org/licenses/by-nc-sa/2.5/,True,True,False,True
496,366014,14/366014.mp3,Dramata - Vanishing Light,Dramata,http://www.jamendo.com/track/366014,CC BY-NC-SA,a Creative Commons Attribution-Non-Commercial-Share-Alike license,http://creativecommons.org/licenses/by-nc-sa/2.5/pl/,True,True,False,True
498,6725,25/6725.mp3,Tonic and Gin,Steven Dunston,http://www.jamendo.com/track/6725,CC BY-NC-SA,a Creative Commons Attribution-Non-Commercial-Share-Alike license,http://creativecommons.org/licenses/by-nc-sa/2.5/,True,True,False,True
501,75307,07/75307.mp3,4 degrés 7,David TMX,http://www.jamendo.com/track/75307,CC BY-NC-SA,a Creative Commons Attribution-Non-Commercial-Share-Alike license,http://creativecommons.org/licenses/by-nc-sa/2.0/fr/,True,True,False,True
502,103089,89/103089.mp3,Plus jamais en Bretagne,David TMX,http://www.jamendo.com/track/103089,CC BY-NC-SA,a Creative Commons Attribution-Non-Commercial-Share-Alike license,http://creativecommons.org/licenses/by-nc-sa/3.0/,True,True,False,True
503,6722,22/6722.mp3,Gravity,Steven Dunston,http://www.jamendo.com/track/6722,CC BY-NC-SA,a Creative Commons Attribution-Non-Commercial-Share-Alike license,http://creativecommons.org/licenses/by-nc-sa/2.5/,True,True,False,True
505,25254,54/25254.mp3,Uplifting,Celestial Aeon Project,http://www.jamendo.com/track/25254,CC BY-NC,a Creative Commons Attribution-Non-Commercial license,http://creativecommons.org/licenses/by-nc/3.0/,True,False,False,True
506,1126719,19/1126719.mp3,Vuoto spinto,Ariel Palmer,http://www.jamendo.com/track/1126719,CC BY-SA,a Creative Commons Attribution-Share-Alike license,http://creativecommons.org/licenses/by-sa/2.5/it/,False,True,False,True
507,127609,09/127609.mp3,Relax,Sole Symphony,http://www.jamendo.com/track/127609,CC BY-NC-SA,a Creative Commons Attribution-Non-Commercial-Share-Alike license,http://creativecommons.org/licenses/by-nc-sa/3.0/,True,True,False,True
508,668793,93/668793.mp3,Valse pour Ninon,Ben5bass,http://www.jamendo.com/track/668793,CC BY-NC-SA,a Creative Commons Attribution-Non-Commercial-Share-Alike license,http://creativecommons.org/licenses/by-nc-sa/3.0/,True,True,False,True
509,1124837,37/1124837.mp3,The Perfect Moment,Esther Garcia,http://www.jamendo.com/track/1124837,CC BY-NC-SA,a Creative Commons Attribution-Non-Commercial-Share-Alike license,http://creativecommons.org/licenses/by-nc-sa/3.0/,True,True,False,True
511,40279,79/40279.mp3,Zapporożce,Rezydent S & Garaż Bogiego,http://www.jamendo.com/track/40279,CC BY-NC-SA,a Creative Commons Attribution-Non-Commercial-Share-Alike license,http://creativecommons.org/licenses/by-nc-sa/3.0/,True,True,False,True
512,1138691,91/1138691.mp3,Dans ma peau,Löhstana David,http://www.jamendo.com/track/1138691,CC BY-SA,a Creative Commons Attribution-Share-Alike license,http://creativecommons.org/licenses/by-sa/3.0/,False,True,False,True
514,1245182,82/1245182.mp3,Brighter Folk,Ton in Ton,http://www.jamendo.com/track/1245182,CC BY,a Creative Commons Attribution license,http://creativecommons.org/licenses/by/3.0/,False,False,False,True
515,510028,28/510028.mp3,Dance Till Day (Dream Mix),Jemex,http://www.jamendo.com/track/510028,CC BY-SA,a Creative Commons Attribution-Share-Alike license,http://creativecommons.org/licenses/by-sa/3.0/,False,True,False,True
521,387501,01/387501.mp3,I still remember,Oleg Serkov,http://www.jamendo.com/track/387501,CC BY-NC-SA,a Creative Commons Attribution-Non-Commercial-Share-Alike license,http://creativecommons.org/licenses/by-nc-sa/3.0/,True,True,False,True
522,313061,61/313061.mp3,Julia Session,EIVISSA SALINAS feat. DJ HSERES,http://www.jamendo.com/track/313061,CC BY-NC-SA,a Creative Commons Attribution-Non-Commercial-Share-Alike license,http://creativecommons.org/licenses/by-nc-sa/3.0/,True,True,False,True
523,510027,27/510027.mp3,Dance Till Day,Jemex,http://www.jamendo.com/track/510027,CC BY-SA,a Creative Commons Attribution-Share-Alike license,http://creativecommons.org/licenses/by-sa/3.0/,False,True,False,True
525,172018,18/172018.mp3,Want You To Know,Jonay,http://www.jamendo.com/track/172018,CC BY,a Creative Commons Attribution license,http://creativecommons.org/licenses/by/2.5/se/,False,False,False,True
526,957462,62/957462.mp3,Ma Maya Zu INSTRUMENTAL,Löhstana David,http://www.jamendo.com/track/957462,CC BY-SA,a Creative Commons Attribution-Share-Alike license,http://creativecommons.org/licenses/by-sa/3.0/,False,True,False,True
528,464545,45/464545.mp3,Totem,Paul Paolovic,http://www.jamendo.com/track/464545,CC BY-NC-SA,a Creative Commons Attribution-Non-Commercial-Share-Alike license,http://creativecommons.org/licenses/by-nc-sa/3.0/,True,True,False,True
529,219026,26/219026.mp3,Valhalla (Der Gedanke und das Meer),paniq,http://www.jamendo.com/track/219026,CC BY-SA,a Creative Commons Attribution-Share-Alike license,http://creativecommons.org/licenses/by-sa/3.0/,False,True,False,True
530,1198562,62/1198562.mp3,Away in a Manger,Gerry Baird,http://www.jamendo.com/track/1198562,CC BY,a Creative Commons Attribution license,http://creativecommons.org/licenses/by/3.0/,False,False,False,True
533,356441,41/356441.mp3,Down The Stairway,Lorenzo's Music,http://www.jamendo.com/track/356441,CC BY-SA,a Creative Commons Attribution-Share-Alike license,http://creativecommons.org/licenses/by-sa/3.0/,False,True,False,True
535,1061564,64/1061564.mp3,cumpleaños feliz,DANYRITHMMAN,http://www.jamendo.com/track/1061564,CC BY-SA,a Creative Commons Attribution-Share-Alike license,http://creativecommons.org/licenses/by-sa/3.0/,False,True,False,True
536,132293,93/132293.mp3,Winters Night,Gerry Davis,http://www.jamendo.com/track/132293,CC BY-SA,a Creative Commons Attribution-Share-Alike license,http://creativecommons.org/licenses/by-sa/3.0/,False,True,False,True
537,1169705,05/1169705.mp3,"Liszt, F.: Consolations, S.172 - III. Lento placido",OnClassical,http://www.jamendo.com/track/1169705,CC BY-NC-SA,a Creative Commons Attribution-Non-Commercial-Share-Alike license,http://creativecommons.org/licenses/by-nc-sa/3.0/,True,True,False,True
538,1397144,44/1397144.mp3,80s Heavy Metal,Porrazzo,http://www.jamendo.com/track/1397144,CC BY-NC-SA,a Creative Commons Attribution-Non-Commercial-Share-Alike license,http://creativecommons.org/licenses/by-nc-sa/3.0/,True,True,False,True
539,1243198,98/1243198.mp3,Hey,Four,http://www.jamendo.com/track/1243198,CC BY-SA,a Creative Commons Attribution-Share-Alike license,http://creativecommons.org/licenses/by-sa/3.0/,False,True,False,True
540,1162103,03/1162103.mp3,A Thousand Years,Esther Garcia,http://www.jamendo.com/track/1162103,CC BY-NC-SA,a Creative Commons Attribution-Non-Commercial-Share-Alike license,http://creativecommons.org/licenses/by-nc-sa/3.0/,True,True,False,True
541,1218780,80/1218780.mp3,Born to Be Free,ASEA,http://www.jamendo.com/track/1218780,CC BY-NC-SA,a Creative Commons Attribution-Non-Commercial-Share-Alike license,http://creativecommons.org/licenses/by-nc-sa/3.0/,True,True,False,True
544,1233757,57/1233757.mp3,Guru,Music is Love,http://www.jamendo.com/track/1233757,CC BY-NC-SA,a Creative Commons Attribution-Non-Commercial-Share-Alike license,http://creativecommons.org/licenses/by-nc-sa/3.0/,True,True,False,True
545,402058,58/402058.mp3,Hope,Celestial Aeon Project,http://www.jamendo.com/track/402058,CC BY-NC-SA,a Creative Commons Attribution-Non-Commercial-Share-Alike license,http://creativecommons.org/licenses/by-nc-sa/3.0/,True,True,False,True
546,458252,52/458252.mp3,Demi-lune,Yann Keran,http://www.jamendo.com/track/458252,CC BY-NC-SA,a Creative Commons Attribution-Non-Commercial-Share-Alike license,http://creativecommons.org/licenses/by-nc-sa/2.0/fr/,True,True,False,True
547,18500,00/18500.mp3,Nostalgia for Paradise,six,http://www.jamendo.com/track/18500,CC BY-SA,a Creative Commons Attribution-Share-Alike license,http://creativecommons.org/licenses/by-sa/2.5/,False,True,False,True
548,492277,77/492277.mp3,Waka trail,Renich,http://www.jamendo.com/track/492277,CC BY-SA,a Creative Commons Attribution-Share-Alike license,http://creativecommons.org/licenses/by-sa/3.0/,False,True,False,True
549,206596,96/206596.mp3,Sleeper,Crete Boom,http://www.jamendo.com/track/206596,CC BY-NC-SA,a Creative Commons Attribution-Non-Commercial-Share-Alike license,http://creativecommons.org/licenses/by-nc-sa/3.0/,True,True,False,True
550,78128,28/78128.mp3,Dub Delay (Short Version),Grünemusik,http://www.jamendo.com/track/78128,CC BY-NC,a Creative Commons Attribution-Non-Commercial license,http://creativecommons.org/licenses/by-nc/3.0/,True,False,False,True
552,11843,43/11843.mp3,glinguinette,Fadièse,http://www.jamendo.com/track/11843,CC BY-SA,a Creative Commons Attribution-Share-Alike license,http://creativecommons.org/licenses/by-sa/3.0/,False,True,False,True
553,1162016,16/1162016.mp3,Innocent,STEEP,http://www.jamendo.com/track/1162016,CC BY-NC-SA,a Creative Commons Attribution-Non-Commercial-Share-Alike license,http://creativecommons.org/licenses/by-nc-sa/3.0/,True,True,False,True
556,1194314,14/1194314.mp3,Wonder Girl,The Dada Weatherman,http://www.jamendo.com/track/1194314,CC BY-SA,a Creative Commons Attribution-Share-Alike license,http://creativecommons.org/licenses/by-sa/3.0/,False,True,False,True
557,313059,59/313059.mp3,Dreaming Eyes [Flamenco Touch mix],EIVISSA SALINAS feat. DJ HSERES,http://www.jamendo.com/track/313059,CC BY-NC-SA,a Creative Commons Attribution-Non-Commercial-Share-Alike license,http://creativecommons.org/licenses/by-nc-sa/3.0/,True,True,False,True
558,686757,57/686757.mp3,Zinedine Tzigane,Jazzymuté,http://www.jamendo.com/track/686757,CC BY-NC-SA,a Creative Commons Attribution-Non-Commercial-Share-Alike license,http://creativecommons.org/licenses/by-nc-sa/2.0/fr/,True,True,False,True
559,1327741,41/1327741.mp3,Pra_Onde_e_Que_eu_Vou_,diego Noar,http://www.jamendo.com/track/1327741,CC BY-NC-SA,a Creative Commons Attribution-Non-Commercial-Share-Alike license,http://creativecommons.org/licenses/by-nc-sa/3.0/,True,True,False,True
560,361002,02/361002.mp3,Lost In Town,The Dada Weatherman,http://www.jamendo.com/track/361002,CC BY-SA,a Creative Commons Attribution-Share-Alike license,http://creativecommons.org/licenses/by-sa/3.0/,False,True,False,True
561,285485,85/285485.mp3,Quintet Op. 111 - 2. Adagio,Materassi Ensemble,http://www.jamendo.com/track/285485,CC BY-NC-SA,a Creative Commons Attribution-Non-Commercial-Share-Alike license,http://creativecommons.org/licenses/by-nc-sa/3.0/,True,True,False,True
562,957450,50/957450.mp3,Une mélodie douce INSTRUMENTAL,Löhstana David,http://www.jamendo.com/track/957450,CC BY-SA,a Creative Commons Attribution-Share-Alike license,http://creativecommons.org/licenses/by-sa/3.0/,False,True,False,True
563,304775,75/304775.mp3,Bossamar,Erizo,http://www.jamendo.com/track/304775,CC BY-SA,a Creative Commons Attribution-Share-Alike license,http://creativecommons.org/licenses/by-sa/3.0/,False,True,False,True
564,1357118,18/1357118.mp3,A Walk In The Sunshine,The Vow,http://www.jamendo.com/track/1357118,CC BY-NC-SA,a Creative Commons Attribution-Non-Commercial-Share-Alike license,http://creativecommons.org/licenses/by-nc-sa/3.0/,True,True,False,True
565,458251,51/458251.mp3,Predicateurs de la morale,Yann Keran,http://www.jamendo.com/track/458251,CC BY-NC-SA,a Creative Commons Attribution-Non-Commercial-Share-Alike license,http://creativecommons.org/licenses/by-nc-sa/2.0/fr/,True,True,False,True
566,119345,45/119345.mp3,The Triplet Song,Grünemusik,http://www.jamendo.com/track/119345,CC BY-NC-SA,a Creative Commons Attribution-Non-Commercial-Share-Alike license,http://creativecommons.org/licenses/by-nc-sa/2.1/jp/,True,True,False,True
568,38768,68/38768.mp3,Titine,Fadièse,http://www.jamendo.com/track/38768,CC BY-SA,a Creative Commons Attribution-Share-Alike license,http://creativecommons.org/licenses/by-sa/3.0/,False,True,False,True
569,1155158,58/1155158.mp3,"Serenade, Franz Schubert",Esther Garcia,http://www.jamendo.com/track/1155158,CC BY-NC-SA,a Creative Commons Attribution-Non-Commercial-Share-Alike license,http://creativecommons.org/licenses/by-nc-sa/3.0/,True,True,False,True
573,437789,89/437789.mp3,Colors_m,entheos,http://www.jamendo.com/track/437789,CC BY-NC-SA,a Creative Commons Attribution-Non-Commercial-Share-Alike license,http://creativecommons.org/licenses/by-nc-sa/3.0/,True,True,False,True
575,296241,41/296241.mp3,Cold days,Pianochocolate,http://www.jamendo.com/track/296241,CC BY-NC-SA,a Creative Commons Attribution-Non-Commercial-Share-Alike license,http://creativecommons.org/licenses/by-nc-sa/3.0/,True,True,False,True
576,1121847,47/1121847.mp3,No Love,Anny Sky,http://www.jamendo.com/track/1121847,CC BY-NC-SA,a Creative Commons Attribution-Non-Commercial-Share-Alike license,http://creativecommons.org/licenses/by-nc-sa/3.0/,True,True,False,True
578,617341,41/617341.mp3,Maman (feat. Sista Mora),DON VALDES,http://www.jamendo.com/track/617341,CC BY-SA,a Creative Commons Attribution-Share-Alike license,http://creativecommons.org/licenses/by-sa/2.0/fr/,False,True,False,True
579,285486,86/285486.mp3,Quintet Op. 111 - 3. Un poco Allegretto,Materassi Ensemble,http://www.jamendo.com/track/285486,CC BY-NC-SA,a Creative Commons Attribution-Non-Commercial-Share-Alike license,http://creativecommons.org/licenses/by-nc-sa/3.0/,True,True,False,True
580,636014,14/636014.mp3,Owl On The Oak Tree,The Dada Weatherman,http://www.jamendo.com/track/636014,CC BY-SA,a Creative Commons Attribution-Share-Alike license,http://creativecommons.org/licenses/by-sa/3.0/,False,True,False,True
581,1066204,04/1066204.mp3,Moment of Truth,Udo Vismann,http://www.jamendo.com/track/1066204,CC BY-NC-SA,a Creative Commons Attribution-Non-Commercial-Share-Alike license,http://creativecommons.org/licenses/by-nc-sa/3.0/,True,True,False,True
583,973503,03/973503.mp3,Real Thing,Freeky Cleen & Dickey F,http://www.jamendo.com/track/973503,CC BY-SA,a Creative Commons Attribution-Share-Alike license,http://creativecommons.org/licenses/by-sa/3.0/,False,True,False,True
584,145958,58/145958.mp3,Get It On,Major Major,http://www.jamendo.com/track/145958,CC BY-NC-SA,a Creative Commons Attribution-Non-Commercial-Share-Alike license,http://creativecommons.org/licenses/by-nc-sa/3.0/,True,True,False,True
585,1320573,73/1320573.mp3,Every Type Of Cloud,The Man In Washington,http://www.jamendo.com/track/1320573,CC BY-NC-SA,a Creative Commons Attribution-Non-Commercial-Share-Alike license,http://creativecommons.org/licenses/by-nc-sa/3.0/,True,True,False,True
586,1162019,19/1162019.mp3,Every Day,STEEP,http://www.jamendo.com/track/1162019,CC BY-NC-SA,a Creative Commons Attribution-Non-Commercial-Share-Alike license,http://creativecommons.org/licenses/by-nc-sa/3.0/,True,True,False,True
587,1169716,16/1169716.mp3,"Schumann, R.A.: Kinderszenen Op. 15 - XIII. Der Dichter spricht",OnClassical,http://www.jamendo.com/track/1169716,CC BY-NC-SA,a Creative Commons Attribution-Non-Commercial-Share-Alike license,http://creativecommons.org/licenses/by-nc-sa/3.0/,True,True,False,True
588,6728,28/6728.mp3,You Believe,Steven Dunston,http://www.jamendo.com/track/6728,CC BY-NC-SA,a Creative Commons Attribution-Non-Commercial-Share-Alike license,http://creativecommons.org/licenses/by-nc-sa/2.5/,True,True,False,True
589,537118,18/537118.mp3,No Lo Comprendo,Sundayers,http://www.jamendo.com/track/537118,CC BY-NC-SA,a Creative Commons Attribution-Non-Commercial-Share-Alike license,http://creativecommons.org/licenses/by-nc-sa/3.0/,True,True,False,True
591,1051196,96/1051196.mp3,Earthbound,Jill Zimmerman,http://www.jamendo.com/track/1051196,CC BY-NC-SA,a Creative Commons Attribution-Non-Commercial-Share-Alike license,http://creativecommons.org/licenses/by-nc-sa/3.0/,True,True,False,True
592,537123,23/537123.mp3,¿Quién Debe a Quién?,Sundayers,http://www.jamendo.com/track/537123,CC BY-NC-SA,a Creative Commons Attribution-Non-Commercial-Share-Alike license,http://creativecommons.org/licenses/by-nc-sa/3.0/,True,True,False,True
593,508495,95/508495.mp3,Roots,Jahzzar,http://www.jamendo.com/track/508495,CC BY-SA,a Creative Commons Attribution-Share-Alike license,http://creativecommons.org/licenses/by-sa/3.0/,False,True,False,True
594,1169733,33/1169733.mp3,"Mendelssohnh-B., F.: Lied ohne Worte (Song without Words) - Book 1, Op. 19, No. 6, in G-Minor, 'Venetian Gondolied'",OnClassical,http://www.jamendo.com/track/1169733,CC BY-NC-SA,a Creative Commons Attribution-Non-Commercial-Share-Alike license,http://creativecommons.org/licenses/by-nc-sa/3.0/,True,True,False,True
595,304772,72/304772.mp3,Bajando El Rio,Erizo,http://www.jamendo.com/track/304772,CC BY-SA,a Creative Commons Attribution-Share-Alike license,http://creativecommons.org/licenses/by-sa/3.0/,False,True,False,True
597,243172,72/243172.mp3,Listen,The Dada Weatherman,http://www.jamendo.com/track/243172,CC BY-SA,a Creative Commons Attribution-Share-Alike license,http://creativecommons.org/licenses/by-sa/3.0/,False,True,False,True
598,614902,02/614902.mp3,Untitled Pulse,Indigo78,http://www.jamendo.com/track/614902,CC BY-NC-SA,a Creative Commons Attribution-Non-Commercial-Share-Alike license,http://creativecommons.org/licenses/by-nc-sa/3.0/,True,True,False,True
600,305159,59/305159.mp3,Alumbrate (Percusion),Erizo,http://www.jamendo.com/track/305159,CC BY-SA,a Creative Commons Attribution-Share-Alike license,http://creativecommons.org/licenses/by-sa/3.0/,False,True,False,True
601,33836,36/33836.mp3,LE PESTACLE,LES PÊCHEURS DE LUNE,http://www.jamendo.com/track/33836,CC BY-NC-SA,a Creative Commons Attribution-Non-Commercial-Share-Alike license,http://creativecommons.org/licenses/by-nc-sa/2.5/,True,True,False,True
603,1176716,16/1176716.mp3,A Morning In The City,Evgeny Teilor,http://www.jamendo.com/track/1176716,CC BY,a Creative Commons Attribution license,http://creativecommons.org/licenses/by/3.0/,False,False,False,True
604,387516,16/387516.mp3,Light Inside,Oleg Serkov,http://www.jamendo.com/track/387516,CC BY-NC-SA,a Creative Commons Attribution-Non-Commercial-Share-Alike license,http://creativecommons.org/licenses/by-nc-sa/3.0/,True,True,False,True
605,357365,65/357365.mp3,Me Equivoque,ProyectoT,http://www.jamendo.com/track/357365,CC BY-SA,a Creative Commons Attribution-Share-Alike license,http://creativecommons.org/licenses/by-sa/3.0/,False,True,False,True
606,43990,90/43990.mp3,Snow,The Old Dada Weatherman ,http://www.jamendo.com/track/43990,CC BY-NC-SA,a Creative Commons Attribution-Non-Commercial-Share-Alike license,http://creativecommons.org/licenses/by-nc-sa/3.0/,True,True,False,True
607,1194312,12/1194312.mp3,Lost To Me,The Dada Weatherman,http://www.jamendo.com/track/1194312,CC BY-SA,a Creative Commons Attribution-Share-Alike license,http://creativecommons.org/licenses/by-sa/3.0/,False,True,False,True
608,11773,73/11773.mp3,Mon beau sympa,Tom La Meche,http://www.jamendo.com/track/11773,CC BY-NC-SA,a Creative Commons Attribution-Non-Commercial-Share-Alike license,http://creativecommons.org/licenses/by-nc-sa/2.5/,True,True,False,True
610,25381,81/25381.mp3,Uplifting,Celestial Aeon Project,http://www.jamendo.com/track/25381,CC BY-NC-SA,a Creative Commons Attribution-Non-Commercial-Share-Alike license,http://creativecommons.org/licenses/by-nc-sa/2.5/,True,True,False,True
611,43984,84/43984.mp3,From Blake to Black,The Old Dada Weatherman ,http://www.jamendo.com/track/43984,CC BY-NC-SA,a Creative Commons Attribution-Non-Commercial-Share-Alike license,http://creativecommons.org/licenses/by-nc-sa/3.0/,True,True,False,True
612,667013,13/667013.mp3,Freedom,Ben5bass,http://www.jamendo.com/track/667013,CC BY-NC-SA,a Creative Commons Attribution-Non-Commercial-Share-Alike license,http://creativecommons.org/licenses/by-nc-sa/3.0/,True,True,False,True
613,26431,31/26431.mp3,Inspiring,Celestial Aeon Project,http://www.jamendo.com/track/26431,CC BY-NC-SA,a Creative Commons Attribution-Non-Commercial-Share-Alike license,http://creativecommons.org/licenses/by-nc-sa/2.5/,True,True,False,True
614,146588,88/146588.mp3,"Ludwig Thuille: Piano Sextet in B-flat major, Op. 6 - III.Gavotte",OnClassical,http://www.jamendo.com/track/146588,CC BY-NC-SA,a Creative Commons Attribution-Non-Commercial-Share-Alike license,http://creativecommons.org/licenses/by-nc-sa/3.0/,True,True,False,True
616,1353972,72/1353972.mp3,Samba loop,Mickael Huchet,http://www.jamendo.com/track/1353972,CC BY-NC-SA,a Creative Commons Attribution-Non-Commercial-Share-Alike license,http://creativecommons.org/licenses/by-nc-sa/3.0/,True,True,False,True
617,35349,49/35349.mp3,do it over,amélie,http://www.jamendo.com/track/35349,CC BY-NC-SA,a Creative Commons Attribution-Non-Commercial-Share-Alike license,http://creativecommons.org/licenses/by-nc-sa/2.5/,True,True,False,True
618,5343,43/5343.mp3,Effacé,Silence,http://www.jamendo.com/track/5343,Free Art License,License Art Libre,http://artlibre.org/licence/lal/,False,True,False,True
619,1078393,93/1078393.mp3,Dear Lucy,The Dada Weatherman,http://www.jamendo.com/track/1078393,CC BY-SA,a Creative Commons Attribution-Share-Alike license,http://creativecommons.org/licenses/by-sa/3.0/,False,True,False,True
620,79524,24/79524.mp3,I keep calling you,Briovere Buffentis,http://www.jamendo.com/track/79524,CC BY-NC-SA,a Creative Commons Attribution-Non-Commercial-Share-Alike license,http://creativecommons.org/licenses/by-nc-sa/3.0/,True,True,False,True
622,1336433,33/1336433.mp3,Free Love,Index,http://www.jamendo.com/track/1336433,CC BY-SA,a Creative Commons Attribution-Share-Alike license,http://creativecommons.org/licenses/by-sa/3.0/,False,True,False,True
624,1062831,31/1062831.mp3,type_your_name_here (shortcut),Jahzzar,http://www.jamendo.com/track/1062831,CC BY-SA,a Creative Commons Attribution-Share-Alike license,http://creativecommons.org/licenses/by-sa/3.0/,False,True,False,True
625,305163,63/305163.mp3,Es Vedra,Erizo,http://www.jamendo.com/track/305163,CC BY-SA,a Creative Commons Attribution-Share-Alike license,http://creativecommons.org/licenses/by-sa/3.0/,False,True,False,True
627,1176657,57/1176657.mp3,Sheltering Sky,Evgeny Teilor,http://www.jamendo.com/track/1176657,CC BY,a Creative Commons Attribution license,http://creativecommons.org/licenses/by/3.0/,False,False,False,True
628,1162011,11/1162011.mp3,Upper Class Groupie,STEEP,http://www.jamendo.com/track/1162011,CC BY-NC-SA,a Creative Commons Attribution-Non-Commercial-Share-Alike license,http://creativecommons.org/licenses/by-nc-sa/3.0/,True,True,False,True
629,145968,68/145968.mp3,Make It New,Major Major,http://www.jamendo.com/track/145968,CC BY-NC-SA,a Creative Commons Attribution-Non-Commercial-Share-Alike license,http://creativecommons.org/licenses/by-nc-sa/3.0/,True,True,False,True
630,1051200,00/1051200.mp3,To Remember Me,Jill Zimmerman,http://www.jamendo.com/track/1051200,CC BY-NC-SA,a Creative Commons Attribution-Non-Commercial-Share-Alike license,http://creativecommons.org/licenses/by-nc-sa/3.0/,True,True,False,True
631,22063,63/22063.mp3,intro,David TMX,http://www.jamendo.com/track/22063,CC BY-NC-SA,a Creative Commons Attribution-Non-Commercial-Share-Alike license,http://creativecommons.org/licenses/by-nc-sa/3.0/,True,True,False,True
632,43983,83/43983.mp3,Moon,The Old Dada Weatherman ,http://www.jamendo.com/track/43983,CC BY-NC-SA,a Creative Commons Attribution-Non-Commercial-Share-Alike license,http://creativecommons.org/licenses/by-nc-sa/3.0/,True,True,False,True
633,635967,67/635967.mp3,On The Road,The Dada Weatherman,http://www.jamendo.com/track/635967,CC BY-SA,a Creative Commons Attribution-Share-Alike license,http://creativecommons.org/licenses/by-sa/3.0/,False,True,False,True
634,103333,33/103333.mp3,First Stage Prototype,Brokenkites,http://www.jamendo.com/track/103333,CC BY-NC-SA,a Creative Commons Attribution-Non-Commercial-Share-Alike license,http://creativecommons.org/licenses/by-nc-sa/3.0/,True,True,False,True
635,461017,17/461017.mp3,Black Wings,Oleg Serkov,http://www.jamendo.com/track/461017,CC BY-NC-SA,a Creative Commons Attribution-Non-Commercial-Share-Alike license,http://creativecommons.org/licenses/by-nc-sa/3.0/,True,True,False,True
636,1119023,23/1119023.mp3,Sometimes,The Verandas,http://www.jamendo.com/track/1119023,CC BY-NC-SA,a Creative Commons Attribution-Non-Commercial-Share-Alike license,http://creativecommons.org/licenses/by-nc-sa/3.0/,True,True,False,True
638,945206,06/945206.mp3,Breath,Disconauts Music Production,http://www.jamendo.com/track/945206,CC BY-NC-SA,a Creative Commons Attribution-Non-Commercial-Share-Alike license,http://creativecommons.org/licenses/by-nc-sa/3.0/,True,True,False,True
639,1366203,03/1366203.mp3,Ain' t just the pride,Shiva,http://www.jamendo.com/track/1366203,CC BY-NC-SA,a Creative Commons Attribution-Non-Commercial-Share-Alike license,http://creativecommons.org/licenses/by-nc-sa/3.0/,True,True,False,True
641,1388899,99/1388899.mp3,03 Moments,Ali,http://www.jamendo.com/track/1388899,CC BY-SA,a Creative Commons Attribution-Share-Alike license,http://creativecommons.org/licenses/by-sa/3.0/,False,True,False,True
642,402056,56/402056.mp3,Harp,Celestial Aeon Project,http://www.jamendo.com/track/402056,CC BY-NC-SA,a Creative Commons Attribution-Non-Commercial-Share-Alike license,http://creativecommons.org/licenses/by-nc-sa/3.0/,True,True,False,True
645,599221,21/599221.mp3,Circles,Jahzzar,http://www.jamendo.com/track/599221,CC BY-SA,a Creative Commons Attribution-Share-Alike license,http://creativecommons.org/licenses/by-sa/3.0/,False,True,False,True
646,1169720,20/1169720.mp3,"Scriabin, A.: Trois morceaux, Op. 2 - I. Étude in C-sharp Minor",OnClassical,http://www.jamendo.com/track/1169720,CC BY-NC-SA,a Creative Commons Attribution-Non-Commercial-Share-Alike license,http://creativecommons.org/licenses/by-nc-sa/3.0/,True,True,False,True
648,5346,46/5346.mp3,Larmes,Silence,http://www.jamendo.com/track/5346,Free Art License,License Art Libre,http://artlibre.org/licence/lal/,False,True,False,True
649,1163322,22/1163322.mp3,Petit Couteau,Carl-Friedrich von Steegen,http://www.jamendo.com/track/1163322,CC BY-SA,a Creative Commons Attribution-Share-Alike license,http://creativecommons.org/licenses/by-sa/2.0/de/,False,True,False,True
650,330650,50/330650.mp3,Night Club Gogo,Musician Toy,http://www.jamendo.com/track/330650,CC BY-NC-SA,a Creative Commons Attribution-Non-Commercial-Share-Alike license,http://creativecommons.org/licenses/by-nc-sa/3.0/,True,True,False,True
651,686756,56/686756.mp3,Agent double zéro,Jazzymuté,http://www.jamendo.com/track/686756,CC BY-NC-SA,a Creative Commons Attribution-Non-Commercial-Share-Alike license,http://creativecommons.org/licenses/by-nc-sa/2.0/fr/,True,True,False,True
652,43986,86/43986.mp3,Old Cowboy,The Old Dada Weatherman ,http://www.jamendo.com/track/43986,CC BY-NC-SA,a Creative Commons Attribution-Non-Commercial-Share-Alike license,http://creativecommons.org/licenses/by-nc-sa/3.0/,True,True,False,True
653,3112,12/3112.mp3,Mystic light,The 17 Sons of Abraxas,http://www.jamendo.com/track/3112,CC BY-NC-SA,a Creative Commons Attribution-Non-Commercial-Share-Alike license,http://creativecommons.org/licenses/by-nc-sa/2.5/,True,True,False,True
654,1178795,95/1178795.mp3,No Reason ft. Pic o Yung Duke,Rawboss,http://www.jamendo.com/track/1178795,CC BY,a Creative Commons Attribution license,http://creativecommons.org/licenses/by/3.0/,False,False,False,True
655,1170729,29/1170729.mp3,Sweeter the bells never sound,Sleeping Sky,http://www.jamendo.com/track/1170729,CC BY-NC-SA,a Creative Commons Attribution-Non-Commercial-Share-Alike license,http://creativecommons.org/licenses/by-nc-sa/3.0/,True,True,False,True
656,305164,64/305164.mp3,Equinodermo,Erizo,http://www.jamendo.com/track/305164,CC BY-SA,a Creative Commons Attribution-Share-Alike license,http://creativecommons.org/licenses/by-sa/3.0/,False,True,False,True
657,1054342,42/1054342.mp3,Imbécile heureux,Löhstana David,http://www.jamendo.com/track/1054342,CC BY-SA,a Creative Commons Attribution-Share-Alike license,http://creativecommons.org/licenses/by-sa/3.0/,False,True,False,True
658,599226,26/599226.mp3,I need,Jahzzar,http://www.jamendo.com/track/599226,CC BY-SA,a Creative Commons Attribution-Share-Alike license,http://creativecommons.org/licenses/by-sa/3.0/,False,True,False,True
661,356420,20/356420.mp3,Make It Clean,Lorenzo's Music,http://www.jamendo.com/track/356420,CC BY-SA,a Creative Commons Attribution-Share-Alike license,http://creativecommons.org/licenses/by-sa/3.0/,False,True,False,True
662,1063332,32/1063332.mp3,Give It Up for the Id,Mike Allen,http://www.jamendo.com/track/1063332,CC BY-NC-SA,a Creative Commons Attribution-Non-Commercial-Share-Alike license,http://creativecommons.org/licenses/by-nc-sa/3.0/,True,True,False,True
663,43987,87/43987.mp3,Moral Celebration,The Old Dada Weatherman ,http://www.jamendo.com/track/43987,CC BY-NC-SA,a Creative Commons Attribution-Non-Commercial-Share-Alike license,http://creativecommons.org/licenses/by-nc-sa/3.0/,True,True,False,True
665,922941,41/922941.mp3,Swing to 60´s,Marius Joppich,http://www.jamendo.com/track/922941,CC BY-NC-SA,a Creative Commons Attribution-Non-Commercial-Share-Alike license,http://creativecommons.org/licenses/by-nc-sa/3.0/,True,True,False,True
666,1397143,43/1397143.mp3,My Time is Now,Porrazzo,http://www.jamendo.com/track/1397143,CC BY-NC-SA,a Creative Commons Attribution-Non-Commercial-Share-Alike license,http://creativecommons.org/licenses/by-nc-sa/3.0/,True,True,False,True
667,111962,62/111962.mp3,absolute ear - l'appel des loups,Tet production,http://www.jamendo.com/track/111962,CC BY-NC-SA,a Creative Commons Attribution-Non-Commercial-Share-Alike license,http://creativecommons.org/licenses/by-nc-sa/3.0/,True,True,False,True
668,360978,78/360978.mp3,Black&White Bird,The Dada Weatherman,http://www.jamendo.com/track/360978,CC BY-SA,a Creative Commons Attribution-Share-Alike license,http://creativecommons.org/licenses/by-sa/3.0/,False,True,False,True
671,976785,85/976785.mp3,Believe in You,Disconauts Music Production,http://www.jamendo.com/track/976785,CC BY-NC-SA,a Creative Commons Attribution-Non-Commercial-Share-Alike license,http://creativecommons.org/licenses/by-nc-sa/3.0/,True,True,False,True
677,103887,87/103887.mp3,Endless Love,Jampy,http://www.jamendo.com/track/103887,CC BY-NC-SA,a Creative Commons Attribution-Non-Commercial-Share-Alike license,http://creativecommons.org/licenses/by-nc-sa/3.0/,True,True,False,True
678,5089,89/5089.mp3,Gros Papa noël,Tom La Meche,http://www.jamendo.com/track/5089,CC BY-NC-SA,a Creative Commons Attribution-Non-Commercial-Share-Alike license,http://creativecommons.org/licenses/by-nc-sa/2.5/,True,True,False,True
679,510853,53/510853.mp3,Poetize Code - Flowers Language,The Poetize Code,http://www.jamendo.com/track/510853,CC BY-NC-SA,a Creative Commons Attribution-Non-Commercial-Share-Alike license,http://creativecommons.org/licenses/by-nc-sa/2.5/br/,True,True,False,True
684,391307,07/391307.mp3,Hymn duszy,Paweł Zach,http://www.jamendo.com/track/391307,CC BY-NC-SA,a Creative Commons Attribution-Non-Commercial-Share-Alike license,http://creativecommons.org/licenses/by-nc-sa/3.0/,True,True,False,True
685,1188123,23/1188123.mp3,All Rights Reserved (Denka Radio Mix),Anny Sky,http://www.jamendo.com/track/1188123,CC BY-NC-SA,a Creative Commons Attribution-Non-Commercial-Share-Alike license,http://creativecommons.org/licenses/by-nc-sa/3.0/,True,True,False,True
688,6724,24/6724.mp3,Little White Church,Steven Dunston,http://www.jamendo.com/track/6724,CC BY-NC-SA,a Creative Commons Attribution-Non-Commercial-Share-Alike license,http://creativecommons.org/licenses/by-nc-sa/2.5/,True,True,False,True
689,12301,01/12301.mp3,Steady B.,Trafic de Blues,http://www.jamendo.com/track/12301,CC BY-NC-SA,a Creative Commons Attribution-Non-Commercial-Share-Alike license,http://creativecommons.org/licenses/by-nc-sa/2.5/,True,True,False,True
690,378306,06/378306.mp3,Sunlove in my mind,EIVISSA SALINAS feat. DJ HSERES,http://www.jamendo.com/track/378306,CC BY-NC-SA,a Creative Commons Attribution-Non-Commercial-Share-Alike license,http://creativecommons.org/licenses/by-nc-sa/3.0/,True,True,False,True
691,437792,92/437792.mp3,Sunlight_m,entheos,http://www.jamendo.com/track/437792,CC BY-NC-SA,a Creative Commons Attribution-Non-Commercial-Share-Alike license,http://creativecommons.org/licenses/by-nc-sa/3.0/,True,True,False,True
692,1169719,19/1169719.mp3,"Debussy, C.: Deux arabesques, L 66 - I. Andantino con moto",OnClassical,http://www.jamendo.com/track/1169719,CC BY-NC-SA,a Creative Commons Attribution-Non-Commercial-Share-Alike license,http://creativecommons.org/licenses/by-nc-sa/3.0/,True,True,False,True
693,181452,52/181452.mp3,Le petit guignol,Löhstana David,http://www.jamendo.com/track/181452,CC BY,a Creative Commons Attribution license,http://creativecommons.org/licenses/by/3.0/,False,False,False,True
695,7359,59/7359.mp3,Move a Little Closer,Steven Dunston,http://www.jamendo.com/track/7359,CC BY-NC-SA,a Creative Commons Attribution-Non-Commercial-Share-Alike license,http://creativecommons.org/licenses/by-nc-sa/2.5/,True,True,False,True
696,38019,19/38019.mp3,Moving,Jampy,http://www.jamendo.com/track/38019,CC BY-NC-SA,a Creative Commons Attribution-Non-Commercial-Share-Alike license,http://creativecommons.org/licenses/by-nc-sa/3.0/,True,True,False,True
698,206578,78/206578.mp3,Flatline,Crete Boom,http://www.jamendo.com/track/206578,CC BY-NC-SA,a Creative Commons Attribution-Non-Commercial-Share-Alike license,http://creativecommons.org/licenses/by-nc-sa/3.0/,True,True,False,True
699,945197,97/945197.mp3,Beach,Disconauts Music Production,http://www.jamendo.com/track/945197,CC BY-NC-SA,a Creative Commons Attribution-Non-Commercial-Share-Alike license,http://creativecommons.org/licenses/by-nc-sa/3.0/,True,True,False,True
700,1357120,20/1357120.mp3,The Dust On My Halo,The Vow,http://www.jamendo.com/track/1357120,CC BY-NC-SA,a Creative Commons Attribution-Non-Commercial-Share-Alike license,http://creativecommons.org/licenses/by-nc-sa/3.0/,True,True,False,True
701,461012,12/461012.mp3,Way Of Warrior,Oleg Serkov,http://www.jamendo.com/track/461012,CC BY-NC-SA,a Creative Commons Attribution-Non-Commercial-Share-Alike license,http://creativecommons.org/licenses/by-nc-sa/3.0/,True,True,False,True
702,146587,87/146587.mp3,Giuseppe Verdi: Quartet from Rigoletto (transcription),OnClassical,http://www.jamendo.com/track/146587,CC BY-NC-SA,a Creative Commons Attribution-Non-Commercial-Share-Alike license,http://creativecommons.org/licenses/by-nc-sa/3.0/,True,True,False,True
703,1269561,61/1269561.mp3,About Life,Esther Garcia,http://www.jamendo.com/track/1269561,CC BY-NC-SA,a Creative Commons Attribution-Non-Commercial-Share-Alike license,http://creativecommons.org/licenses/by-nc-sa/3.0/,True,True,False,True
704,1163315,15/1163315.mp3,Gipsy,Carl-Friedrich von Steegen,http://www.jamendo.com/track/1163315,CC BY-SA,a Creative Commons Attribution-Share-Alike license,http://creativecommons.org/licenses/by-sa/2.0/de/,False,True,False,True
705,1033253,53/1033253.mp3,Uh-Huh,Bayard Russell,http://www.jamendo.com/track/1033253,CC BY-SA,a Creative Commons Attribution-Share-Alike license,http://creativecommons.org/licenses/by-sa/3.0/,False,True,False,True
706,1119018,18/1119018.mp3,I Want To Tell You,The Verandas,http://www.jamendo.com/track/1119018,CC BY-NC-SA,a Creative Commons Attribution-Non-Commercial-Share-Alike license,http://creativecommons.org/licenses/by-nc-sa/3.0/,True,True,False,True
